{
 "lookahead_aco_hh_custom_none_emp": {
  "overflows": 27.0,
  "kg": 40975.399999999994,
  "ncol": 3897.0,
  "kg_lost": 131.575,
  "km": 7183.793999999999,
  "kg/km": 5.703866230017175,
  "reward": 33764.60599999999,
  "profit": 16733.546979999996,
  "time": 605.2135490529981,
  "days": 35
 },
 "lookahead_aco_hh_custom_none_gamma": {
  "overflows": 29.0,
  "kg": 100390.86146581502,
  "ncol": 8197.0,
  "kg_lost": 154.8132214363294,
  "km": 12230.439999999997,
  "kg/km": 8.208278808106254,
  "reward": 88131.42146581502,
  "profit": 46367.70583759622,
  "time": 842.6599948119983,
  "days": 52
 },
 "lookahead_alns_custom_none_emp": {
  "overflows": 27.0,
  "kg": 40987.274999999994,
  "ncol": 3861.0,
  "kg_lost": 126.35000000000001,
  "km": 6760.989000000001,
  "kg/km": 6.062319432852203,
  "reward": 34199.28599999999,
  "profit": 17163.283417500003,
  "time": 2115.6469901210003,
  "days": 35
 },
 "lookahead_alns_custom_none_gamma": {
  "overflows": 29.0,
  "kg": 100399.05193590737,
  "ncol": 8444.0,
  "kg_lost": 158.24391891916983,
  "km": 11912.597,
  "kg/km": 8.42797350870741,
  "reward": 88457.45493590737,
  "profit": 46690.32961498912,
  "time": 3132.449860540997,
  "days": 52
 },
 "lookahead_bpc_custom_none_emp": {
  "overflows": 27.0,
  "kg": 40982.524999999994,
  "ncol": 3856.0,
  "kg_lost": 126.35000000000001,
  "km": 7055.368999999999,
  "kg/km": 5.808700437921815,
  "reward": 33900.155999999995,
  "profit": 16866.1308425,
  "time": 2509.4023625150003,
  "days": 35
 },
 "lookahead_bpc_custom_none_gamma": {
  "overflows": 28.0,
  "kg": 100363.56270941373,
  "ncol": 8181.0,
  "kg_lost": 152.70205247430823,
  "km": 12342.116000000002,
  "kg/km": 8.13179544815603,
  "reward": 87993.44670941372,
  "profit": 46240.09555348478,
  "time": 3675.285365302996,
  "days": 52
 },
 "lookahead_hgs_custom_none_emp": {
  "overflows": 32.0,
  "kg": 40852.85,
  "ncol": 3243.0,
  "kg_lost": 182.875,
  "km": 7889.840000000001,
  "kg/km": 5.17790601583809,
  "reward": 32931.009999999995,
  "profit": 15955.968545000003,
  "time": 2283.0680438490017,
  "days": 36
 },
 "lookahead_hgs_custom_none_gamma": {
  "overflows": 34.0,
  "kg": 101143.21577151195,
  "ncol": 6966.0,
  "kg_lost": 197.72331728183767,
  "km": 18258.238,
  "kg/km": 5.539593457567589,
  "reward": 82850.97777151196,
  "profit": 40779.057045831556,
  "time": 3741.9973415720015,
  "days": 60
 },
 "lookahead_pg_clns_custom_none_emp": {
  "overflows": 27.0,
  "kg": 40993.924999999996,
  "ncol": 4003.0,
  "kg_lost": 126.35000000000001,
  "km": 6804.158999999999,
  "kg/km": 6.0248334878711685,
  "reward": 34162.765999999996,
  "profit": 17123.9950225,
  "time": 2369.564885713997,
  "days": 35
 },
 "lookahead_pg_clns_custom_none_gamma": {
  "overflows": 28.0,
  "kg": 100406.27203917885,
  "ncol": 8473.0,
  "kg_lost": 152.70205247430823,
  "km": 11726.351,
  "kg/km": 8.562448116995546,
  "reward": 88651.92103917885,
  "profit": 46880.7899892687,
  "time": 3572.4818592090014,
  "days": 52
 },
 "lookahead_psoma_none_emp": {
  "overflows": 27.0,
  "kg": 40960.674999999996,
  "ncol": 3470.0,
  "kg_lost": 142.5,
  "km": 6738.27,
  "kg/km": 6.078811772161103,
  "reward": 34195.405,
  "profit": 17170.475997499998,
  "time": 2022.730263419995,
  "days": 35
 },
 "lookahead_psoma_none_gamma": {
  "overflows": 28.0,
  "kg": 100347.07344391075,
  "ncol": 8248.0,
  "kg_lost": 163.26593734421533,
  "km": 12164.913999999997,
  "kg/km": 8.248892959203063,
  "reward": 88154.15944391076,
  "profit": 46407.672769210694,
  "time": 2797.993806680999,
  "days": 52
 },
 "lookahead_sans_new_none_emp": {
  "overflows": 27.0,
  "kg": 40999.149999999994,
  "ncol": 5621.0,
  "kg_lost": 126.35000000000001,
  "km": 8616.042000000001,
  "kg/km": 4.7584668227011875,
  "reward": 32356.107999999993,
  "profit": 15315.161855,
  "time": 2124.067763043,
  "days": 35
 },
 "lookahead_sans_new_none_gamma": {
  "overflows": 28.0,
  "kg": 100421.54909040759,
  "ncol": 8840.0,
  "kg_lost": 152.70205247430823,
  "km": 13272.532000000001,
  "kg/km": 7.566118438471844,
  "reward": 87121.01709040758,
  "profit": 45343.52620407091,
  "time": 3150.7711416180027,
  "days": 52
 },
 "lookahead_swc_tcf_gurobi_none_emp": {
  "overflows": 27.0,
  "kg": 40993.924999999996,
  "ncol": 3815.0,
  "kg_lost": 126.35000000000001,
  "km": 7086.5459999999985,
  "kg/km": 5.784753954888602,
  "reward": 33880.379,
  "profit": 16841.6080225,
  "time": 2087.2075717729967,
  "days": 35
 },
 "lookahead_swc_tcf_gurobi_none_gamma": {
  "overflows": 28.0,
  "kg": 100417.36319202295,
  "ncol": 8675.0,
  "kg_lost": 152.70205247430823,
  "km": 12268.907,
  "kg/km": 8.184703265908118,
  "reward": 88120.45619202295,
  "profit": 46344.707895183805,
  "time": 2438.8885786399987,
  "days": 52
 }
}