{
 "aco_hh_custom_gamma3": {
  "overflows": 29.0,
  "kg": 100390.86146581502,
  "ncol": 8213.0,
  "kg_lost": 154.8132214363294,
  "km": 12202.214999999998,
  "kg/km": 8.227265415813033,
  "reward": 88159.64646581502,
  "profit": 46395.93083759622,
  "time": 1048.862443381001,
  "days": 52
 }
}