{
 "last_minute_cf70_tsp_fast_tsp_emp": {
  "overflows": 1.70293863659264,
  "kg": 408.4402861717435,
  "ncol": 168.65480854231356,
  "kg_lost": 49.80895892195388,
  "km": 283.0256999872785,
  "kg/km": 0.26837696551193896,
  "cost": 336.18807392954307,
  "profit": 242.26799951702887,
  "days": 1.6865480854231356,
  "time": 101.21411680338997
 },
 "last_minute_cf70_tsp_fast_tsp_gamma1": {
  "overflows": 18.93292253075461,
  "kg": 532.1453634152654,
  "ncol": 171.59383568311668,
  "kg_lost": 149.81808938985156,
  "km": 284.7618920605028,
  "kg/km": 0.45342379306064096,
  "cost": 491.16209365941137,
  "profit": 330.2330823876854,
  "days": 1.7159383568311668,
  "time": 102.9712709285738
 },
 "lookahead_alns_custom_emp": {
  "overflows": 2.4608038433722332,
  "kg": 517.6618415006393,
  "ncol": 53.46701994895753,
  "kg_lost": 55.97758504774727,
  "km": 201.15814970285882,
  "kg/km": 0.43722692237088906,
  "cost": 525.1710126652289,
  "profit": 335.52345936996824,
  "days": 1.577621275493231,
  "time": 25.99244560282666
 },
 "lookahead_alns_custom_gamma1": {
  "overflows": 4.948624949305503,
  "kg": 255.85157408677327,
  "ncol": 7.636898730651221,
  "kg_lost": 66.31174171871413,
  "km": 35.13954350174605,
  "kg/km": 0.16190920043085047,
  "cost": 272.55260918519286,
  "profit": 168.78952189491827,
  "days": 0.0,
  "time": 3.306739212392982
 },
 "lookahead_hgs_custom_emp": {
  "overflows": 2.406010991015812,
  "kg": 298.9183256737728,
  "ncol": 65.4971585473582,
  "kg_lost": 54.47405352040955,
  "km": 103.58758455851107,
  "kg/km": 0.3352494693977984,
  "cost": 319.25394078042945,
  "profit": 205.68293159536552,
  "days": 0.97182531580755,
  "time": 55.401699319983486
 },
 "lookahead_hgs_custom_gamma1": {
  "overflows": 1.636391694484477,
  "kg": 232.39992334513371,
  "ncol": 1.5238839267549948,
  "kg_lost": 7.3503056238622415,
  "km": 4.719415619426972,
  "kg/km": 0.059740327997181326,
  "cost": 235.38050124686197,
  "profit": 138.53700466718846,
  "days": 0.0,
  "time": 11.701559264418178
 },
 "lookahead_hh_aco_custom_emp": {
  "overflows": 3.204163957519444,
  "kg": 323.00440846664776,
  "ncol": 41.50020080272705,
  "kg_lost": 52.21985999385461,
  "km": 113.16840423236509,
  "kg/km": 0.46321148303082244,
  "cost": 349.0125678091295,
  "profit": 226.52979401672673,
  "days": 1.1352924243950935,
  "time": 37.82490244941615
 },
 "lookahead_hh_aco_custom_gamma1": {
  "overflows": 3.018461712712472,
  "kg": 227.18887659658623,
  "ncol": 45.78512616317419,
  "kg_lost": 13.801558306178057,
  "km": 22.414615753764203,
  "kg/km": 0.08335218929776268,
  "cost": 230.61332418853644,
  "profit": 136.39481750838812,
  "days": 0.0,
  "time": 9.556794821056435
 },
 "lookahead_hvpl_custom_emp": {
  "overflows": 3.5355339059327378,
  "kg": 294.10300100711135,
  "ncol": 10.842303978193728,
  "kg_lost": 57.949242936767035,
  "km": 102.91323060045403,
  "kg/km": 0.49413158372944804,
  "cost": 356.11097257520106,
  "profit": 240.69544304212383,
  "days": 1.0540925533894598,
  "time": 147.5474938852715
 },
 "lookahead_hvpl_custom_gamma1": {
  "overflows": 1.505545305418162,
  "kg": 226.13776539693072,
  "ncol": 19.196353820452465,
  "kg_lost": 6.687467271089774,
  "km": 29.5095897211585,
  "kg/km": 0.07958888889731054,
  "cost": 221.851801725951,
  "profit": 129.16291153051466,
  "days": 0.0,
  "time": 217.5523185511247
 },
 "lookahead_ks_aco_custom_emp": {
  "overflows": 3.366501646120693,
  "kg": 301.71261500897793,
  "ncol": 51.21252017058155,
  "kg_lost": 53.46333141093581,
  "km": 117.86101211101713,
  "kg/km": 0.4243025789116366,
  "cost": 301.1220298562066,
  "profit": 191.15462315604017,
  "days": 1.1595018087284057,
  "time": 34.21456671494331
 },
 "lookahead_ks_aco_custom_gamma1": {
  "overflows": 3.653004851412662,
  "kg": 291.1524695133455,
  "ncol": 64.51778393934842,
  "kg_lost": 11.4750343979972,
  "km": 28.416286562462652,
  "kg/km": 0.07039813396752041,
  "cost": 278.31456958565826,
  "profit": 156.8385942553387,
  "days": 0.0,
  "time": 12.233350921070162
 },
 "lookahead_sans_new_emp": {
  "overflows": 2.3213980461973533,
  "kg": 298.37453929816,
  "ncol": 96.6091783079296,
  "kg_lost": 53.93849899293741,
  "km": 140.36540734715697,
  "kg/km": 0.38107215929540683,
  "cost": 359.62868069565917,
  "profit": 249.3672390704346,
  "days": 0.9660917830792959,
  "time": 3.247556482186036
 },
 "lookahead_sans_new_gamma1": {
  "overflows": 1.636391694484477,
  "kg": 232.22991412813104,
  "ncol": 0.0,
  "kg_lost": 7.3503056238622415,
  "km": 0.0,
  "kg/km": 0.051560220469952796,
  "cost": 232.32806518124156,
  "profit": 135.5526008765898,
  "days": 0.0,
  "time": 4.52822001336437
 },
 "lookahead_sisr_custom_emp": {
  "overflows": 2.3213980461973533,
  "kg": 298.37453929816,
  "ncol": 96.6091783079296,
  "kg_lost": 53.93849899293741,
  "km": 132.57822902225598,
  "kg/km": 0.4010770651133662,
  "cost": 354.06993455524525,
  "profit": 242.83853610519486,
  "days": 0.9660917830792959,
  "time": 2.5479726286590294
 },
 "lookahead_sisr_custom_gamma1": {
  "overflows": 1.636391694484477,
  "kg": 232.22991412813104,
  "ncol": 0.0,
  "kg_lost": 7.3503056238622415,
  "km": 5.111028680977897,
  "kg/km": 0.051070507148226627,
  "cost": 230.2378212265646,
  "profit": 133.49643233181163,
  "days": 0.0,
  "time": 1.634675673587351
 },
 "regular_lvl3_cvrp_ortools_emp": {
  "overflows": 2.8382310609877335,
  "kg": 238.62952405349995,
  "ncol": 0.0,
  "kg_lost": 51.411201492368264,
  "km": 2.189098860769489,
  "kg/km": 0.16437215973930833,
  "cost": 238.31344121051976,
  "profit": 138.36084347745137,
  "days": 0.0,
  "time": 7.436454584476292
 },
 "regular_lvl3_cvrp_ortools_gamma1": {
  "overflows": 8.273787255879594,
  "kg": 140.5959735856679,
  "ncol": 0.0,
  "kg_lost": 188.10773531494615,
  "km": 3.5594009311806007,
  "kg/km": 0.11782454821267357,
  "cost": 139.786069048157,
  "profit": 82.50196109047106,
  "days": 0.0,
  "time": 12.920525512476331
 },
 "regular_lvl4_cvrp_ortools_emp": {
  "overflows": 4.247875285886398,
  "kg": 174.04560034657607,
  "ncol": 0.0,
  "kg_lost": 63.303638872062045,
  "km": 2.2814278180316903,
  "kg/km": 0.18586819662709927,
  "cost": 174.33938116214605,
  "profit": 102.52131522179165,
  "days": 0.0,
  "time": 2.8285441812899155
 },
 "regular_lvl4_cvrp_ortools_gamma1": {
  "overflows": 6.268084945889685,
  "kg": 0.0,
  "ncol": 0.0,
  "kg_lost": 227.53151422551494,
  "km": 0.0,
  "kg/km": 0.0,
  "cost": 6.268084945889685,
  "profit": 0.0,
  "days": 0.0,
  "time": 29.62237903889014
 },
 "regular_lvl5_cvrp_ortools_emp": {
  "overflows": 6.876691711054734,
  "kg": 254.8808916408034,
  "ncol": 0.0,
  "kg_lost": 65.58420102136726,
  "km": 1.4620768333663632,
  "kg/km": 0.2982896077295303,
  "cost": 253.20111408840785,
  "profit": 148.54813987713283,
  "days": 0.0,
  "time": 1.6717175249046012
 },
 "regular_lvl5_cvrp_ortools_gamma1": {
  "overflows": 6.268084945889685,
  "kg": 0.0,
  "ncol": 0.0,
  "kg_lost": 227.53151422551494,
  "km": 0.0,
  "kg/km": 0.0,
  "cost": 6.268084945889685,
  "profit": 0.0,
  "days": 0.0,
  "time": 5.5394827024681765
 },
 "lookahead_vrpp_gurobi_emp": {
  "overflows": 1.2649110640673518,
  "kg": 287.1800748465825,
  "ncol": 35.92028210728121,
  "kg_lost": 42.56855785736176,
  "km": 52.935169315064876,
  "kg/km": 0.08314104752256107,
  "cost": 278.40357650773615,
  "profit": 161.72412773135966,
  "days": 0.0,
  "time": 18.553445930476986
 },
 "lookahead_vrpp_gurobi_gamma1": {
  "overflows": 1.636391694484477,
  "kg": 236.43743107108034,
  "ncol": 11.483805021759023,
  "kg_lost": 7.3503056238622415,
  "km": 14.620734806587791,
  "kg/km": 0.052910530850913476,
  "cost": 230.20513446778716,
  "profit": 131.96572536487238,
  "days": 0.0,
  "time": 58.239457059895365
 },
 "service_level0.84_vrpp_gurobi_emp": {
  "overflows": 1.2649110640673518,
  "kg": 280.3017174502427,
  "ncol": 26.895683255455285,
  "kg_lost": 42.01654766610148,
  "km": 40.92545998714961,
  "kg/km": 0.08327707748886483,
  "cost": 277.27347008651634,