{
 "am1_emp": {
  "overflows": 3.0,
  "kg": 22660.0,
  "ncol": 4314.0,
  "kg_lost": 14.0,
  "km": 107010,
  "kg/km": 0.2117559106625549,
  "cost": 84353.0,
  "days": 31,
  "time": 1.2372607639990747
 },
 "am_emp": {
  "overflows": 1.0,
  "kg": 20375.0,
  "ncol": 566.0,
  "kg_lost": 18.0,
  "km": 6125.949999999999,
  "kg/km": 3.3260147405708507,
  "cost": -14248.050000000001,
  "days": 31,
  "time": 0.5395224140000003
 },
 "policy_last_minute50_emp": {
  "overflows": 2.0,
  "kg": 22911.0,
  "ncol": 2354.0,
  "kg_lost": 7.0,
  "km": 6050.777999999999,
  "kg/km": 3.786455229393642,
  "cost": -16858.222,
  "days": 31,
  "time": 61.977788007003255
 },
 "policy_last_minute90_emp": {
  "overflows": 3.0,
  "kg": 9110.025,
  "ncol": 338.0,
  "kg_lost": 35.0,
  "km": 3910.602999999999,
  "kg/km": 2.3295704012910545,
  "cost": -5196.4220000000005,
  "profit": 1406.9185925000002,
  "days": 29,
  "time": 60.560671438
 },
 "policy_last_minute_and_path50_emp": {
  "overflows": 2.0,
  "kg": 22917.0,
  "ncol": 2760.0,
  "kg_lost": 7.0,
  "km": 5478.925,
  "kg/km": 4.182754828730088,
  "cost": -17436.075,
  "days": 31,
  "time": 61.93873743400036
 },
 "policy_last_minute_and_path90_emp": {
  "overflows": 3.0,
  "kg": 9148.974999999999,
  "ncol": 339.0,
  "kg_lost": 35.0,
  "km": 4324.712999999999,
  "kg/km": 2.115510324037688,
  "cost": -4821.262,
  "profit": 1015.5437075000001,
  "days": 31,
  "time": 2.4951131790000005
 },
 "policy_regular3_emp": {
  "overflows": 0.0,
  "kg": 9822.05,
  "ncol": 1100.0,
  "kg_lost": 0.0,
  "km": 2239.6989999999996,
  "kg/km": 4.385433042565095,
  "cost": -7582.351,
  "profit": 3493.4315850000003,
  "days": 11,
  "time": 22.162545459
 },
 "policy_look_ahead_a_alns_emp": {
  "overflows": 3.0,
  "kg": 11254.587331932773,
  "ncol": 800.0,
  "kg_lost": 28.0,
  "km": 1642.7790000000002,
  "kg/km": 6.850944242611313,
  "cost": -9608.808331932772,
  "profit": 4926.523625649159,
  "days": 8,
  "time": 173.30593042
 },
 "policy_look_ahead_a_bcp_emp": {
  "overflows": 5.0,
  "kg": 11223.777348901098,
  "ncol": 608.0,
  "kg_lost": 112.0,
  "km": 1397.6280000000002,
  "kg/km": 8.03058993444686,
  "cost": -9821.149348901097,
  "profit": 5153.690838553571,
  "days": 8,
  "time": 481.56359341
 },
 "policy_look_ahead_a_emp": {
  "overflows": 37.0,
  "kg": 10823.999831932771,
  "ncol": 809.0,
  "kg_lost": 1506.0,
  "km": 1686.2610000000002,
  "kg/km": 6.418935047381615,
  "cost": -9100.738831932771,
  "profit": 4631.7077018991595,
  "days": 9,
  "time": 454.086273175
 },
 "policy_look_ahead_a_hgs_emp": {
  "overflows": 3.0,
  "kg": 11254.587331932773,
  "ncol": 586.0,
  "kg_lost": 28.0,
  "km": 1515.388,
  "kg/km": 7.426868453447416,
  "cost": -9736.199331932774,
  "profit": 5053.914625649159,
  "days": 8,
  "time": 481.923210229
 },
 "policy_look_ahead_a_sans_emp": {
  "overflows": 3.0,
  "kg": 11260.920665266107,
  "ncol": 667.0,
  "kg_lost": 28.0,
  "km": 1585.7060000000004,
  "kg/km": 7.10151860765243,
  "cost": -9672.214665266107,
  "profit": 4987.293392315826,
  "days": 9,
  "time": 264.3572265
 },
 "policy_look_ahead_a_vrpp_emp": {
  "overflows": 4.0,
  "kg": 11103.06043421856,
  "ncol": 482.0,
  "kg_lost": 150.0,
  "km": 1515.372,
  "kg/km": 7.32695366828644,
  "cost": -9583.68843421856,
  "profit": 4965.484375453374,
  "days": 8,
  "time": 77.036264303
 },
 "gurobi_vrpp0.84_emp": {
  "overflows": 0.0,
  "kg": 9723.725,
  "ncol": 676.0,
  "kg_lost": 0.0,
  "km": 4231.2480000000005,
  "kg/km": 2.2980749414829855,
  "cost": -5492.477,
  "profit": 1444.4902825000001,
  "days": 30,
  "time": 73.131147195
 },
 "hexaly_vrpp0.84_emp": {
  "overflows": 0.0,
  "kg": 9723.725,
  "ncol": 676.0,
  "kg_lost": 0.0,
  "km": 4210.637,
  "kg/km": 2.309323981145846,
  "cost": -5513.088000000001,
  "profit": 1465.1012824999996,
  "days": 30,
  "time": 6550.079810493
 }
}