{
 "policy_last_minute50_emp": {
  "overflows": 0.0,
  "kg": 120915.0,
  "ncol": 2698.0,
  "kg_lost": 0.0,
  "km": 9326.929999999998,
  "kg/km": 12.964072851409844,
  "cost": -111588.07,
  "days": 31,
  "time": 62.401213815999995
 },
 "policy_last_minute_and_path50_emp": {
  "overflows": 0.0,
  "kg": 120915.0,
  "ncol": 2698.0,
  "kg_lost": 0.0,
  "km": 9419.736,
  "kg/km": 12.836347005903349,
  "cost": -111495.264,
  "days": 31,
  "time": 62.39833447200001
 },
 "policy_regular3_emp": {
  "overflows": 859.0,
  "kg": 79363.0,
  "ncol": 1000.0,
  "kg_lost": 36660.0,
  "km": 4300.637,
  "kg/km": 18.45377789383294,
  "cost": -74203.363,
  "days": 31,
  "time": 20.041014923997864
 },
 "gurobi_vrpp0.84_emp": {
  "overflows": 138.0,
  "kg": 115325.0,
  "ncol": 2789.0,
  "kg_lost": 5336.0,
  "km": 5851.642,
  "kg/km": 19.708143457853367,
  "cost": -109335.35800000001,
  "days": 31,
  "time": 17939.166927943
 },
 "hexaly_vrpp0.84_emp": {
  "overflows": 30.0,
  "kg": 119733.0,
  "ncol": 3069.0,
  "kg_lost": 1082.0,
  "km": 6114.123000000001,
  "kg/km": 19.58302114628704,
  "cost": -113588.877,
  "days": 31,
  "time": 2520.6361443009996
 }
}