{
 "last_minute_cf70_tsp_fast_tsp_gamma1": {
  "overflows": 163.1,
  "kg": 35165.69804129232,
  "ncol": 868.1,
  "kg_lost": 1088.3191531519858,
  "km": 3854.7802,
  "kg/km": 9.123917221448039,
  "cost": -31147.81784129232,
  "profit": 16671.437746702326,
  "days": 31,
  "time": 57.262613107900144
 },
 "lookahead_alns_custom_gamma1": {
  "overflows": 133.6,
  "kg": 35662.606099574725,
  "ncol": 904.9,
  "kg_lost": 570.0694793060703,
  "km": 3350.4584,
  "kg/km": 10.645521552286397,
  "cost": -32178.54769957472,
  "profit": 17465.804780321767,
  "days": 31,
  "time": 22.0962817516
 },
 "lookahead_hgs_custom_gamma1": {
  "overflows": 133.6,
  "kg": 35662.606099574725,
  "ncol": 904.9,
  "kg_lost": 570.0694793060703,
  "km": 3349.4911,
  "kg/km": 10.6485159301417,
  "cost": -32179.51499957472,
  "profit": 17466.772080321763,
  "days": 31,
  "time": 1229.0170284781
 },
 "lookahead_sans_new_gamma1": {
  "overflows": 3.3,
  "kg": 37581.26154268245,
  "ncol": 3100.0,
  "kg_lost": 16.419554813812564,
  "km": 4504.051999999996,
  "kg/km": 8.343878255109507,
  "cost": -33073.90954268245,
  "profit": 17432.130362463748,
  "days": 31,
  "time": 95.3762604578
 },
 "regular_lvl3_cvrp_ortools_gamma1": {
  "overflows": 491.9,
  "kg": 27570.343673105835,
  "ncol": 800.0,
  "kg_lost": 7676.784404113166,
  "km": 3283.390999999999,
  "kg/km": 8.3969115079824,
  "cost": -23795.052673105834,
  "profit": 12809.418601991876,
  "days": 31,
  "time": 365.1114479692
 },
 "regular_lvl4_cvrp_ortools_gamma1": {
  "overflows": 768.3,
  "kg": 26239.9181695864,
  "ncol": 700.0,
  "kg_lost": 11357.762927909858,
  "km": 2833.5969999999993,
  "kg/km": 9.260285837960163,
  "cost": -22638.0211695864,
  "profit": 12482.643235587582,
  "days": 31,
  "time": 386.7623604004
 },
 "regular_lvl5_cvrp_ortools_gamma1": {
  "overflows": 1025.3,
  "kg": 23008.822698733424,
  "ncol": 600.0,
  "kg_lost": 14588.858398762835,
  "km": 2383.8029999999994,
  "kg/km": 9.652149401076109,
  "cost": -19599.719698733425,
  "profit": 11046.4468092507,
  "days": 31,
  "time": 347.47549476399996
 },
 "lookahead_vrpp_gurobi_gamma1": {
  "overflows": 3.3,
  "kg": 37547.88985799107,
  "ncol": 2793.5,
  "kg_lost": 16.419554813812564,
  "km": 4133.706000000003,
  "kg/km": 9.083394310440886,
  "cost": -33410.883857991066,
  "profit": 17782.997310109386,
  "days": 31,
  "time": 1237.6000847277
 },
 "service_level0.84_vrpp_gurobi_gamma1": {
  "overflows": 3.3,
  "kg": 37547.88985799107,
  "ncol": 2793.5,
  "kg_lost": 16.419554813812564,
  "km": 4133.706000000003,
  "kg/km": 9.083394310440886,
  "cost": -33410.883857991066,
  "profit": 17782.997310109386,
  "days": 31,
  "time": 1155.8214466579
 }
}
