{
 "am_emp": {
  "overflows": 465.2,
  "kg": 11554.0,
  "ncol": 122.2,
  "kg_lost": 4303.7,
  "km": 3488.0042000000003,
  "kg/km": 3.31232807401122,
  "cost": -10739.99958,
  "days": 31,
  "time": 0.1586910465
 },
 "am_gamma1": {
  "overflows": 3.1,
  "kg": 79291.35149810198,
  "ncol": 3071.8,
  "kg_lost": 29.006424710713496,
  "km": 16132.1594,
  "kg/km": 4.915386725611474,
  "cost": -77675.03555810198,
  "days": 31,
  "time": 1.4829979458999998
 },
 "amgat_hrl_gamma1": {
  "overflows": 3.1,
  "kg": 37667.414502527594,
  "ncol": 3100.0,
  "kg_lost": 13.778051737588912,
  "km": 8740.6168,
  "kg/km": 4.309547003092947,
  "cost": -28923.697702527596,
  "profit": 13245.853045125357,
  "days": 31,
  "time": 2.9290439600999996
 },
 "policy_last_minute50_emp": {
  "overflows": 3.1,
  "kg": 22471.9,
  "ncol": 1140.5,
  "kg_lost": 65.4,
  "km": 5849.162666666666,
  "kg/km": 3.8063967484983485,
  "cost": -21883.45213,
  "days": 31,
  "time": 1121.8509113453
 },
 "policy_last_minute50_gamma1": {
  "overflows": 147.4,
  "kg": 75077.48804181792,
  "ncol": 883.2,
  "kg_lost": 1317.597035937009,
  "km": 5460.275000000001,
  "kg/km": 13.751111747418435,
  "cost": -74387.65752181792,
  "days": 31,
  "time": 1122.6769203202
 },
 "policy_last_minute50_gamma2": {
  "overflows": 134.0,
  "kg": 56035.078480493474,
  "ncol": 627.3,
  "kg_lost": 1189.694805021289,
  "km": 4678.1516,
  "kg/km": 11.982748044386348,
  "cost": -51222.926880493476,
  "days": 31,
  "time": 833.8833033442
 },
 "policy_last_minute50_gamma3": {
  "overflows": 128.3,
  "kg": 37599.700443829955,
  "ncol": 401.0,
  "kg_lost": 1158.321914689926,
  "km": 4121.5491,
  "kg/km": 9.12463243631162,
  "cost": -33349.851343829956,
  "days": 31,
  "time": 608.6350572371999
 },
 "policy_last_minute_and_path50_emp": {
  "overflows": 3.1,
  "kg": 22471.9,
  "ncol": 1140.5,
  "kg_lost": 65.4,
  "km": 5802.8632,
  "kg/km": 3.8732091255325245,
  "cost": -16665.9368,
  "days": 31,
  "time": 494.7590199827
 },
 "policy_last_minute_and_path50_gamma1": {
  "overflows": 147.4,
  "kg": 75077.48804181792,
  "ncol": 883.2,
  "kg_lost": 1317.597035937009,
  "km": 5387.4323,
  "kg/km": 13.940174647264628,
  "cost": -69542.65574181791,
  "days": 31,
  "time": 549.8064794599
 },
 "policy_last_minute_and_path50_gamma2": {
  "overflows": 134.0,
  "kg": 56035.078480493474,
  "ncol": 627.3,
  "kg_lost": 1189.694805021289,
  "km": 4667.928900000001,
  "kg/km": 12.0113499776422,
  "cost": -51233.149580493475,
  "days": 31,
  "time": 843.4671400726
 },
 "policy_last_minute_and_path50_gamma3": {
  "overflows": 128.3,
  "kg": 37599.700443829955,
  "ncol": 401.0,
  "kg_lost": 1158.321914689926,
  "km": 4120.9657,
  "kg/km": 9.127143694144388,
  "cost": -33350.43474382996,
  "days": 31,
  "time": 55.1338181517
 },
 "policy_regular3_emp": {
  "overflows": 17.5,
  "kg": 21538.4,
  "ncol": 1000.0,
  "kg_lost": 285.2,
  "km": 2742.8525,
  "kg/km": 7.812934601717792,
  "cost": -21246.60004,
  "days": 10,
  "time": 126.3462192301
 },
 "policy_regular3_gamma1": {
  "overflows": 325.9,
  "kg": 66227.58009705615,
  "ncol": 1000.0,
  "kg_lost": 10521.05955254826,
  "km": 3887.7814285714285,
  "kg/km": 17.045690615779947,
  "cost": -65512.666177056155,
  "days": 10,
  "time": 165.0143358026
 },
 "policy_regular3_gamma2": {
  "overflows": 154.8,
  "kg": 55827.916207767936,
  "ncol": 1000.0,
  "kg_lost": 2911.8970322654554,
  "km": 3598.9657999999995,
  "kg/km": 15.514189145874301,
  "cost": -52074.150407767935,
  "days": 31,
  "time": 222.3211543564
 },
 "policy_regular3_gamma3": {
  "overflows": 30.3,
  "kg": 40913.59310280951,
  "ncol": 1000.0,
  "kg_lost": 400.56859118641177,
  "km": 3853.8309,
  "kg/km": 10.616858224040662,
  "cost": -37029.462202809504,
  "days": 31,
  "time": 86.98497734310001
 },
 "policy_look_ahead_a_emp": {
  "overflows": 10.3,
  "kg": 21797.2,
  "ncol": 1237.4,
  "kg_lost": 195.9,
  "km": 2851.8183,
  "kg/km": 7.694074373602743,
  "cost": -21501.71817,
  "days": 12.6,
  "time": 562.2399463731999
 },
 "policy_look_ahead_a_gamma1": {
  "overflows": 135.9,
  "kg": 76786.0323897579,
  "ncol": 1758.2,
  "kg_lost": 2563.1039462027215,
  "km": 4187.8856,
  "kg/km": 18.375015005617918,
  "cost": -76231.3438297579,
  "days": 17.6,
  "time": 873.5453687181998
 },
 "policy_look_ahead_a_sans_emp": {
  "overflows": 70.7,
  "kg": 20796.9,
  "ncol": 1635.5,
  "kg_lost": 829.7,
  "km": 5047.8914,
  "kg/km": 4.126797365640203,
  "cost": -20221.41086,
  "days": 28.1,
  "time": 41548.6095154827
 },
 "policy_look_ahead_a_sans_gamma1": {
  "overflows": 54.0,
  "kg": 78291.58852137349,
  "ncol": 2863.7,
  "kg_lost": 993.6727516137361,
  "km": 6502.0492,
  "kg/km": 12.045687180186498,
  "cost": -77587.38360137348,
  "days": 29.2,
  "time": 31823.995094922902
 },
 "policy_look_ahead_a_sans_gamma2": {
  "overflows": 37.7,
  "kg": 59769.53391635059,
  "ncol": 2782.4,
  "kg_lost": 796.4848433035402,
  "km": 6334.724700000001,
  "kg/km": 9.436495456191642,
  "cost": -53397.10921635059,
  "days": 31,
  "time": 43385.6348301772
 },
 "policy_look_ahead_a_sans_gamma3": {
  "overflows": 28.3,
  "kg": 42113.387438729565,
  "ncol": 2609.9,
  "kg_lost": 472.5885619502767,
  "km": 6015.580400000001,
  "kg/km": 7.00637693020189,
  "cost": -36069.507038729564,
  "days": 31,
  "time": 41954.3678192109
 },
 "policy_look_ahead_a_vrpp_emp": {
  "overflows": 161.2,
  "kg": 19318.0,
  "ncol": 1400.2,
  "kg_lost": 1812.3,
  "km": 4165.6333,
  "kg/km": 4.644681067768107,
  "cost": -18740.23667,
  "days": 29.2,
  "time": 5843.6983564403
 },
 "policy_look_ahead_a_vrpp_gamma1": {
  "overflows": 114.3,
  "kg": 76661.4598174782,
  "ncol": 2575.2,
  "kg_lost": 2161.2481567514583,
  "km": 5210.0016000000005,
  "kg/km": 14.726934251994864,
  "cost": -76026.1596574782,
  "days": 29.6,
  "time": 21217.8298722895
 },
 "policy_look_ahead_a_vrpp_gamma2": {
  "overflows": 45.9,
  "kg": 59386.96035994754,
  "ncol": 2293.6,
  "kg_lost": 880.931387990896,
  "km": 4966.9195,
  "kg/km": 11.958874483918354,
  "cost": -54374.14085994754,
  "days": 31,
  "time": 45038.3223831049
 },
 "policy_look_ahead_a_vrpp_gamma3": {
  "overflows": 53.9,
  "kg": 46553.53974090039,
  "ncol": 2174.7,
  "kg_lost": 819.9755813210902,
  "km": 4644.975,
  "kg/km": 9.953041152400342,
  "cost": -41854.66474090039,
  "days": 31,
  "time": -6986.948596274499
 },
 "gurobi_vrpp0.84_emp": {
  "overflows": 50.1,
  "kg": 21221.1,
  "ncol": 1847.0,
  "kg_lost": 612.9,
  "km": 5155.0411,
  "kg/km": 4.117168458009109,
  "cost": -20655.49589,
  "days": 31,
  "time": 275519.8721575956
 },
 "gurobi_vrpp0.84_gamma1": {
  "overflows": 33.2,
  "kg": 78623.35733556726,
  "ncol": 3050.8,
  "kg_lost": 593.0089694096346,
  "km": 6463.529800000001,
  "kg/km": 12.164272106211733,
  "cost": -77943.80435556725,
  "days": 31,
  "time": 63673.8094525058
 },
 "gurobi_vrpp0.84_gamma2": {
  "overflows": 30.4,
  "kg": 59919.549498631604,
  "ncol": 2993.0,
  "kg_lost": 665.9476299450919,
  "km": 6320.847900000001,
  "kg/km": 9.4797753183205,
  "cost": -53568.3015986316,
  "days": 31,
  "time": 165687.6822430236
 },
 "gurobi_vrpp0.84_gamma3": {
  "overflows": 28.7,
  "kg": 42070.440354721286,
  "ncol": 2853.4,
  "kg_lost": 474.09497153566986,
  "km": 6077.8352,
  "kg/km": 6.921986848130988,
  "cost": -35963.90515472129,
  "days": 31,
  "time": 188740.4924091571
 },
 "hexaly_vrpp0.84_emp": {
  "overflows": 14.9,
  "kg": 22372.8,
  "ncol": 3069.0,
  "kg_lost": 122.0,
  "km": 6811.866699999999,
  "kg/km": 3.284459658514265,
  "cost": -21676.71333,
  "days": 31,
  "time": 11619.413133184
 },
 "hexaly_vrpp0.84_gamma1": {
  "overflows": 29.6,
  "kg": 78693.34322682931,
  "ncol": 3069.0,
  "kg_lost": 535.4832032026588,
  "km": 6755.7953,
  "kg/km": 11.64820903698535,
  "cost": -77988.16369682932,
  "days": 31,
  "time": 7397.7521632032
 },
 "hexaly_vrpp0.84_gamma2": {
  "overflows": 27.8,
  "kg": 59988.6706428123,
  "ncol": 3069.0,
  "kg_lost": 637.9694958646337,
  "km": 6694.249400000003,
  "kg/km": 8.961241188291854,
  "cost": -53266.621242812296,