{
 "amgat_gamma1": {
  "overflows": 175.0,
  "kg": 35621.13086043457,
  "ncol": 2425.0,
  "kg_lost": 1554.7943316178541,
  "km": 3575.4110000000005,
  "kg/km": 9.96280731374227,
  "cost": -31870.71986043457,
  "profit": 17216.64308323566,
  "days": 31,
  "time": 2.108288066
 },
 "policy_last_minute70_gamma1": {
  "overflows": 238.0,
  "kg": 35116.349257875496,
  "ncol": 815.0,
  "kg_lost": 1208.4470961784293,
  "km": 3098.514,
  "kg/km": 11.333287265403834,
  "cost": -31779.835257875497,
  "profit": 17398.899061821932,
  "days": 31,
  "time": 63.254084483
 },
 "policy_look_ahead_a_hgs_gamma1": {
  "overflows": 7.0,
  "kg": 37656.15317550384,
  "ncol": 3000.0,
  "kg_lost": 66.80407085649362,
  "km": 4101.880999999999,
  "kg/km": 9.180215899852737,
  "cost": -33547.27217550384,
  "profit": 17878.015608541587,
  "days": 30,
  "time": 1801.034079747
 },
 "policy_look_ahead_a_vrpp_gamma1": {
  "overflows": 1.0,
  "kg": 37704.59072863907,
  "ncol": 3082.0,
  "kg_lost": 18.366517721248567,
  "km": 4154.924999999999,
  "kg/km": 9.074674206788108,
  "cost": -33548.66572863907,
  "profit": 17853.24460830663,
  "days": 31,
  "time": 19321.752383404
 }
}