{
 "am1_emp": {
  "overflows": 3.0,
  "kg": 22660.0,
  "ncol": 4314.0,
  "kg_lost": 14.0,
  "km": 107010,
  "kg/km": 0.2117559106625549,
  "cost": 84353.0,
  "days": 31,
  "time": 1.2372607639990747
 },
 "am_emp": {
  "overflows": 1.0,
  "kg": 20375.0,
  "ncol": 566.0,
  "kg_lost": 18.0,
  "km": 6125.949999999999,
  "kg/km": 3.3260147405708507,
  "cost": -14248.050000000001,
  "days": 31,
  "time": 0.5395224140000003
 },
 "policy_last_minute50_emp": {
  "overflows": 2.0,
  "kg": 22911.0,
  "ncol": 2354.0,
  "kg_lost": 7.0,
  "km": 6050.777999999999,
  "kg/km": 3.786455229393642,
  "cost": -16858.222,
  "days": 31,
  "time": 61.977788007003255
 },
 "policy_last_minute90_emp": {
  "overflows": 3.0,
  "kg": 9148.974999999999,
  "ncol": 339.0,
  "kg_lost": 35.0,
  "km": 4324.712999999999,
  "kg/km": 2.115510324037688,
  "cost": -4821.262,
  "profit": 1015.5437075000001,
  "days": 31,
  "time": 2.51050442
 },
 "policy_last_minute_and_path50_emp": {
  "overflows": 2.0,
  "kg": 22917.0,
  "ncol": 2760.0,
  "kg_lost": 7.0,
  "km": 5478.925,
  "kg/km": 4.182754828730088,
  "cost": -17436.075,
  "days": 31,
  "time": 61.93873743400036
 },
 "policy_last_minute_and_path90_emp": {
  "overflows": 3.0,
  "kg": 9148.974999999999,
  "ncol": 339.0,
  "kg_lost": 35.0,
  "km": 4324.712999999999,
  "kg/km": 2.115510324037688,
  "cost": -4821.262,
  "profit": 1015.5437075000001,
  "days": 31,
  "time": 2.4951131790000005
 },
 "policy_regular3_emp": {
  "overflows": 0.0,
  "kg": 9822.05,
  "ncol": 1100.0,
  "kg_lost": 0.0,
  "km": 3627.404,
  "kg/km": 2.707735339102013,
  "cost": -6194.645999999999,
  "profit": 2105.7265850000003,
  "days": 31,
  "time": 2.066693925000001
 },
 "policy_look_ahead_a_emp": {
  "overflows": 37.0,
  "kg": 10823.999831932771,
  "ncol": 809.0,
  "kg_lost": 1506.0,
  "km": 1686.2610000000002,
  "kg/km": 6.418935047381615,
  "cost": -9100.738831932771,
  "profit": 4631.7077018991595,
  "days": 9,
  "time": 457.18886554100004
 },
 "policy_look_ahead_a_hgs_emp": {
  "overflows": 3.0,
  "kg": 11254.587331932773,
  "ncol": 586.0,
  "kg_lost": 28.0,
  "km": 1516.1660000000002,
  "kg/km": 7.423057456724905,
  "cost": -9735.421331932772,
  "profit": 5053.136625649159,
  "days": 8,
  "time": 482.332058558
 },
 "policy_look_ahead_a_sans_emp": {
  "overflows": 3.0,
  "kg": 11260.920665266107,
  "ncol": 667.0,
  "kg_lost": 28.0,
  "km": 1585.7060000000004,
  "kg/km": 7.10151860765243,
  "cost": -9672.214665266107,
  "profit": 4987.293392315826,
  "days": 9,
  "time": 264.3572265
 },
 "policy_look_ahead_a_vrpp_emp": {
  "overflows": 4.0,
  "kg": 11103.06043421856,
  "ncol": 482.0,
  "kg_lost": 150.0,
  "km": 1515.372,
  "kg/km": 7.32695366828644,
  "cost": -9583.68843421856,
  "profit": 4965.484375453374,
  "days": 8,
  "time": 77.036264303
 },
 "gurobi_vrpp0.84_emp": {
  "overflows": 0.0,
  "kg": 9723.725,
  "ncol": 676.0,
  "kg_lost": 0.0,
  "km": 4235.193000000001,
  "kg/km": 2.295934329321001,
  "cost": -5488.531999999999,
  "profit": 1440.5452825000002,
  "days": 30,
  "time": 54.148402007
 },
 "hexaly_vrpp0.84_emp": {
  "overflows": 0.0,
  "kg": 9723.725,
  "ncol": 676.0,
  "kg_lost": 0.0,
  "km": 4434.222000000001,
  "kg/km": 2.192881862928829,
  "cost": -5289.503,
  "profit": 1241.5162824999998,
  "days": 30,
  "time": 7989.829712821
 }
}