{
 "policy_look_ahead_a_vrpp_gamma1": {
  "overflows": 1.0,
  "kg": 37704.59072863907,
  "ncol": 3082.0,
  "kg_lost": 18.366517721248567,
  "km": 4154.924999999999,
  "kg/km": 9.074674206788108,
  "cost": -33548.66572863907,
  "profit": 17853.24460830663,
  "days": 31,
  "time": 19321.752383404
 }
}