{
 "lookahead_sans_new_gamma1": {
  "overflows": 0.8755950357709131,
  "kg": 257.0857865691295,
  "ncol": 0.0,
  "kg_lost": 10.140208650627677,
  "km": 215.41222570522626,
  "kg/km": 0.23476997166690977,
  "cost": 391.998191588465,
  "profit": 304.75081121547845,
  "days": 0.0,
  "time": 7.702201008081103
 }
}
