{
 "last_minute_cf70_tsp_fast_tsp_gamma1": {
  "overflows": 10.257246760759493,
  "kg": 228.90641519657638,
  "ncol": 6.967384333050994,
  "kg_lost": 141.12579282338967,
  "km": 39.426362614231735,
  "kg/km": 0.09810420578924049,
  "cost": 208.96858584986393,
  "profit": 114.49370752771392,
  "days": 0.4216370213557839,
  "time": 8.857370482511401
 },
 "lookahead_days7_alns_custom_gamma1": {
  "overflows": 1.636391694484477,
  "kg": 232.22991412813104,
  "ncol": 0.0,
  "kg_lost": 7.3503056238622415,
  "km": 349.75420260609036,
  "kg/km": 0.0018519464759028765,
  "cost": 183.5724885239083,
  "profit": 240.00727144535713,
  "days": 0.0,
  "time": 1000.3334869449169
 },
 "lookahead_days7_bcp_ortools_gamma1": {
  "overflows": 1.636391694484477,
  "kg": 232.72598917902167,
  "ncol": 10.826408042888053,
  "kg_lost": 7.3503056238622415,
  "km": 428.603486716532,
  "kg/km": 0.0010694114080675868,
  "cost": 207.37378319221708,
  "profit": 297.32068177302295,
  "days": 0.0,
  "time": 8.369354119887472
 },
 "lookahead_days7_hgs_custom_gamma1": {
  "overflows": 1.636391694484477,
  "kg": 238.62636336788796,
  "ncol": 12.717442090818944,
  "kg_lost": 7.3503056238622415,
  "km": 10.53526427501701,
  "kg/km": 0.05145381033902142,
  "cost": 234.91188838975165,
  "profit": 135.63358533707233,
  "days": 0.0,
  "time": 1226.1448494503998
 },
 "lookahead_days7_sans_a_gamma1": {
  "overflows": 1.636391694484477,
  "kg": 232.22991412813104,
  "ncol": 0.0,
  "kg_lost": 7.3503056238622415,
  "km": 0.0,
  "kg/km": 0.05131757001020939,
  "cost": 232.3280651812415,
  "profit": 135.55260087658758,
  "days": 0.0,
  "time": 64.48785148348323
 },
 "regular_lvl3_cvrp_ortools_gamma1": {
  "overflows": 13.144073442683842,
  "kg": 114.85965832222536,
  "ncol": 0.0,
  "kg_lost": 232.12234612962146,
  "km": 1.986916360147644,
  "kg/km": 0.041391420087389184,
  "cost": 115.75561359225333,
  "profit": 67.90622035089243,
  "days": 0.0,
  "time": 1.2690207015659198
 },
 "regular_lvl4_cvrp_ortools_gamma1": {
  "overflows": 13.976567691834946,
  "kg": 84.39059345602897,
  "ncol": 0.0,
  "kg_lost": 229.26966944719976,
  "km": 1.7528440540385373,
  "kg/km": 0.035353559617554965,
  "cost": 83.08683316479448,
  "profit": 49.80560028996497,
  "days": 0.0,
  "time": 79.39044481558149
 },
 "regular_lvl5_cvrp_ortools_gamma1": {
  "overflows": 15.70597904550295,
  "kg": 39.73931318357729,
  "ncol": 0.0,
  "kg_lost": 229.24311389101095,
  "km": 0.11311429814337949,
  "kg/km": 0.018368165076843752,
  "cost": 42.241053330917325,
  "profit": 23.210136442775717,
  "days": 0.0,
  "time": 35.4287762554644
 },
 "lookahead_days7_vrpp_gurobi_gamma1": {
  "overflows": 1.636391694484477,
  "kg": 234.67760600367336,
  "ncol": 7.011894655987543,
  "kg_lost": 7.3503056238622415,
  "km": 78.71585687073971,
  "kg/km": 0.19475222851321544,
  "cost": 285.97267871083886,
  "profit": 192.15906027944894,
  "days": 0.0,
  "time": 1693.5803813202838
 },
 "means_std0.84_vrpp_gurobi_gamma1": {
  "overflows": 1.636391694484477,
  "kg": 235.5900344595107,
  "ncol": 27.92072109861539,
  "kg_lost": 7.3503056238622415,
  "km": 19.742859615311936,
  "kg/km": 0.06031438600458233,
  "cost": 231.00985624703637,
  "profit": 133.31114024431264,
  "days": 0.0,
  "time": 457.3876301856426
 }
}
