{
 "amgat_gamma1": {
  "overflows": 1.0,
  "kg": 37704.59072863907,
  "ncol": 3100.0,
  "kg_lost": 18.366517721248567,
  "km": 5056.566000000001,
  "kg/km": 7.456560584522988,
  "cost": -32647.024728639073,
  "profit": 16951.60360830663,
  "days": 31,
  "time": 2.800968119
 },
 "policy_last_minute70_gamma1": {
  "overflows": 223.0,
  "kg": 35273.81076859512,
  "ncol": 824.0,
  "kg_lost": 961.0829001462243,
  "km": 3302.6050000000005,
  "kg/km": 10.680602363466146,
  "cost": -31748.20576859512,
  "profit": 17286.718345628975,
  "days": 31,
  "time": 2337.690871825
 },
 "policy_regular3_gamma1": {
  "overflows": 325.0,
  "kg": 32853.716955595606,
  "ncol": 1100.0,
  "kg_lost": 5003.008016670294,
  "km": 1535.5559999999998,
  "kg/km": 21.395323228586655,
  "cost": -30993.160955595606,
  "profit": 17641.158586981153,
  "days": 11,
  "time": 93.23491298500001
 },
 "policy_regular4_gamma1": {
  "overflows": 483.0,
  "kg": 27462.734413221624,
  "ncol": 800.0,
  "kg_lost": 7877.0019407621,
  "km": 1116.7679999999998,
  "kg/km": 24.591261939115043,
  "cost": -25862.966413221624,
  "profit": 14913.230076997464,
  "days": 8,
  "time": 122.99778486299999
 },
 "policy_look_ahead_a_alns_gamma1": {
  "overflows": 2.0,
  "kg": 37220.93500829683,
  "ncol": 3100.0,
  "kg_lost": 14.0099364383501,
  "km": 5082.703,
  "kg/km": 7.323059208515002,
  "cost": -32136.23200829683,
  "profit": 16643.156764342853,
  "days": 31,
  "time": 30376.597229162002
 },
 "policy_look_ahead_a_bcp_gamma1": {
  "overflows": 5.0,
  "kg": 37666.33501540983,
  "ncol": 3071.0,
  "kg_lost": 17.146403351589598,
  "km": 5141.664000000001,
  "kg/km": 7.325709150852686,
  "cost": -32519.67101540983,
  "profit": 16844.17574849472,
  "days": 31,
  "time": 30378.358159601
 },
 "policy_look_ahead_a_gamma1": {
  "overflows": 3.0,
  "kg": 37728.681932945015,
  "ncol": 3100.0,
  "kg_lost": 17.08368920639148,
  "km": 5162.8560000000025,
  "kg/km": 7.307715329063022,
  "cost": -32562.825932945012,
  "profit": 16859.375644260006,
  "days": 31,
  "time": 42799.525792611
 },
 "policy_look_ahead_a_hgs_gamma1": {
  "overflows": 5.0,
  "kg": 37105.83940904664,
  "ncol": 3100.0,
  "kg_lost": 34.37764871207687,
  "km": 5055.505999999999,
  "kg/km": 7.339688531483623,
  "cost": -32045.333409046638,
  "profit": 16603.172463060513,
  "days": 31,
  "time": 30379.241058575
 },
 "policy_look_ahead_a_sans_gamma1": {
  "overflows": 4.0,
  "kg": 37691.01219969095,
  "ncol": 3100.0,
  "kg_lost": 9.771775380834544,
  "km": 5257.575999999996,
  "kg/km": 7.1688953616059905,
  "cost": -32429.436199690954,
  "profit": 16742.667820959607,
  "days": 31,
  "time": 30462.950433719
 },
 "policy_look_ahead_a_vrpp_gamma1": {
  "overflows": 1.0,
  "kg": 37704.59072863907,
  "ncol": 3083.0,
  "kg_lost": 18.366517721248567,
  "km": 4948.182000000002,
  "kg/km": 7.619887612993835,
  "cost": -32755.40872863907,
  "profit": 17059.98760830663,
  "days": 31,
  "time": 90900.634968234
 },
 "gurobi_vrpp0.84_gamma1": {
  "overflows": 3.0,
  "kg": 37824.147018754695,
  "ncol": 2793.0,
  "kg_lost": 4.440691164533975,
  "km": 5136.805,
  "kg/km": 7.3633604971873945,
  "cost": -32684.342018754694,
  "profit": 16941.149614847116,
  "days": 31,
  "time": 14789.113396397
 }
}