{
 "policy_last_minute50_emp": {
  "overflows": 0.0,
  "kg": 20645.0,
  "ncol": 876.0,
  "kg_lost": 0.0,
  "km": 5149.440999999999,
  "kg/km": 4.00917303450996,
  "cost": -15495.559000000001,
  "days": 31,
  "time": 54.72703671199997
 },
 "policy_last_minute_and_path50_emp": {
  "overflows": 0.0,
  "kg": 120915.0,
  "ncol": 2698.0,
  "kg_lost": 0.0,
  "km": 9419.736,
  "kg/km": 12.836347005903349,
  "cost": -111495.264,
  "days": 31,
  "time": 62.39833447200001
 },
 "policy_regular3_emp": {
  "overflows": 5.0,
  "kg": 20404.0,
  "ncol": 1000.0,
  "kg_lost": 102.0,
  "km": 2425.7279999999996,
  "kg/km": 8.411495435597068,
  "cost": -17973.272,
  "days": 31,
  "time": 20.035271662000014
 },
 "policy_look_ahead_a_sans_emp": {
  "overflows": 59.0,
  "kg": 19136.0,
  "ncol": 1446.0,
  "kg_lost": 464.0,
  "km": 4486.280000000001,
  "kg/km": 4.265449325499077,
  "cost": -14590.72,
  "days": 31,
  "time": 1685.632848017
 },
 "policy_look_ahead_a_vrpp_emp": {
  "overflows": 111.0,
  "kg": 17797.0,
  "ncol": 1278.0,
  "kg_lost": 1134.0,
  "km": 3652.0079999999994,
  "kg/km": 4.873209478182962,
  "cost": -14033.992,
  "days": 31,
  "time": 673.6110696549999
 },
 "gurobi_vrpp0.84_emp": {
  "overflows": 44.0,
  "kg": 19489.0,
  "ncol": 1616.0,
  "kg_lost": 423.0,
  "km": 4786.218,
  "kg/km": 4.071899775563922,
  "cost": -14658.782,
  "days": 31,
  "time": 60920.459406591
 },
 "hexaly_vrpp0.84_emp": {
  "overflows": 30.0,
  "kg": 119733.0,
  "ncol": 3069.0,
  "kg_lost": 1082.0,
  "km": 6114.123000000001,
  "kg/km": 19.58302114628704,
  "cost": -113588.877,
  "days": 31,
  "time": 2520.6361443009996
 }
}