{
 "last_minute_cf70_tsp_fast_tsp_gamma1": {
  "overflows": 10.257246760759493,
  "kg": 228.90641519657638,
  "ncol": 6.967384333050994,
  "kg_lost": 141.12579282338967,
  "km": 56.15611632226698,
  "kg/km": 0.11024613730962367,
  "cost": 201.72282672128952,
  "profit": 110.89972075979495,
  "days": 0.0,
  "time": 1.1209891870462199
 },
 "lookahead_alns_custom_gamma1": {
  "overflows": 4.948624949305503,
  "kg": 255.85157408677327,
  "ncol": 7.636898730651221,
  "kg_lost": 66.31174171871413,
  "km": 35.6321713474399,
  "kg/km": 0.16309232895852713,
  "cost": 272.98751463757145,
  "profit": 169.23968384992313,
  "days": 0.0,
  "time": 1.5176506472296454
 },
 "lookahead_hgs_custom_gamma1": {
  "overflows": 4.948624949305503,
  "kg": 255.85157408677327,
  "ncol": 7.636898730651221,
  "kg_lost": 66.31174171871413,
  "km": 34.88795532510691,
  "kg/km": 0.15884924130279846,
  "cost": 271.2818106826133,
  "profit": 167.54755956617075,
  "days": 0.0,
  "time": 16.56958459938907
 },
 "lookahead_sans_new_gamma1": {
  "overflows": 1.636391694484477,
  "kg": 232.22991412813104,
  "ncol": 0.0,
  "kg_lost": 7.3503056238622415,
  "km": 0.0,
  "kg/km": 0.051560220469952796,
  "cost": 232.32806518124156,
  "profit": 135.5526008765898,
  "days": 0.0,
  "time": 1.5438551237966205
 },
 "regular_lvl3_cvrp_ortools_gamma1": {
  "overflows": 13.144073442683842,
  "kg": 114.85965832222536,
  "ncol": 0.0,
  "kg_lost": 232.12234612962146,
  "km": 0.0,
  "kg/km": 0.03498202264738694,
  "cost": 114.9757611440612,
  "profit": 67.04358256268229,
  "days": 0.0,
  "time": 36.30309193375241
 },
 "regular_lvl4_cvrp_ortools_gamma1": {
  "overflows": 13.976567691834946,
  "kg": 84.39059345602897,
  "ncol": 0.0,
  "kg_lost": 229.26966944719976,
  "km": 0.0,
  "kg/km": 0.029782143846153308,
  "cost": 82.39188510243287,
  "profit": 49.25878940028382,
  "days": 0.0,
  "time": 12.344742938499511
 },
 "regular_lvl5_cvrp_ortools_gamma1": {
  "overflows": 15.70597904550295,
  "kg": 39.73931318357729,
  "ncol": 0.0,
  "kg_lost": 229.24311389101095,
  "km": 0.0,
  "kg/km": 0.01667055255135498,
  "cost": 42.250994240849266,
  "profit": 23.195837105254842,
  "days": 0.0,
  "time": 1.1258772235173913
 },
 "lookahead_vrpp_gurobi_gamma1": {
  "overflows": 1.636391694484477,
  "kg": 235.5900344595107,
  "ncol": 11.276819882691514,
  "kg_lost": 7.3503056238622415,
  "km": 9.96715863891792,
  "kg/km": 0.06081962447430496,
  "cost": 235.78529892388352,
  "profit": 137.78434475580275,
  "days": 0.0,
  "time": 55.32237269040482
 },
 "service_level0.84_vrpp_gurobi_gamma1": {
  "overflows": 1.636391694484477,
  "kg": 235.5900344595107,
  "ncol": 11.276819882691514,
  "kg_lost": 7.3503056238622415,
  "km": 9.96715863891792,
  "kg/km": 0.06081962447430496,
  "cost": 235.78529892388352,
  "profit": 137.78434475580275,
  "days": 0.0,
  "time": 88.79777017699753
 }
}
