{
 "last_minute_cf70_tsp_fast_tsp_gamma1": {
  "overflows": 163.1,
  "kg": 35165.69804129232,
  "ncol": 868.1,
  "kg_lost": 1088.3191531519858,
  "km": 3381.4041,
  "kg/km": 10.40058862499214,
  "cost": -31621.19394129232,
  "profit": 17144.813846702327,
  "days": 30.8,
  "time": 590.7081602525
 },
 "lookahead_days7_alns_custom_gamma1": {
  "overflows": 3.3,
  "kg": 37581.26154268245,
  "ncol": 3100.0,
  "kg_lost": 16.419554813812564,
  "km": 60899.467800000006,
  "kg/km": 0.6171043262564988,
  "cost": 23321.506257317556,
  "profit": -38963.28543753626,
  "days": 31,
  "time": 1139.6008734531
 },
 "lookahead_days7_bcp_ortools_gamma1": {
  "overflows": 3.3,
  "kg": 37528.06785912463,
  "ncol": 2881.1,
  "kg_lost": 16.419554813812564,
  "km": 60092.5773,
  "kg/km": 0.6245085412519362,
  "cost": 22567.80944087537,
  "profit": -38187.44409062895,
  "days": 31,
  "time": 1097.3951145996994
 },
 "lookahead_days7_hgs_custom_gamma1": {
  "overflows": 3.3,
  "kg": 37463.052899147515,
  "ncol": 2653.8,
  "kg_lost": 16.419554813812564,
  "km": 4292.5446999999995,
  "kg/km": 8.72747020739114,
  "cost": -33167.20819914752,
  "profit": 17574.639277232407,
  "days": 31,
  "time": 6718.476045273601
 },
 "lookahead_days7_sans_a_gamma1": {
  "overflows": 3.3,
  "kg": 37581.26154268245,
  "ncol": 3100.0,
  "kg_lost": 16.419554813812564,
  "km": 4525.348999999998,
  "kg/km": 8.304610659350795,
  "cost": -33052.61254268245,
  "profit": 17410.833362463745,
  "days": 31,
  "time": 889.1719175196006
 },
 "regular_lvl3_cvrp_ortools_gamma1": {
  "overflows": 491.9,
  "kg": 27570.343673105835,
  "ncol": 800.0,
  "kg_lost": 7676.784404113166,
  "km": 2990.482800000001,
  "kg/km": 9.219375421623466,
  "cost": -24087.960873105832,
  "profit": 13102.326801991876,
  "days": 8,
  "time": 594.0302312853
 },
 "regular_lvl4_cvrp_ortools_gamma1": {
  "overflows": 768.3,
  "kg": 26239.9181695864,
  "ncol": 700.0,
  "kg_lost": 11357.762927909858,
  "km": 2580.4515000000006,
  "kg/km": 10.168741514755805,
  "cost": -22891.1666695864,
  "profit": 12735.788735587583,
  "days": 7,
  "time": 642.2539918556
 },
 "regular_lvl5_cvrp_ortools_gamma1": {
  "overflows": 1025.3,
  "kg": 23008.822698733424,
  "ncol": 600.0,
  "kg_lost": 14588.858398762835,
  "km": 2172.5558000000005,
  "kg/km": 10.590670668065197,
  "cost": -19810.966898733423,
  "profit": 11257.6940092507,
  "days": 6,
  "time": 716.0165488145
 },
 "lookahead_days7_vrpp_gurobi_gamma1": {
  "overflows": 3.3,
  "kg": 37558.402060556386,
  "ncol": 2864.5,
  "kg_lost": 16.419554813812564,
  "km": 4230.302299944702,
  "kg/km": 8.881582306121182,
  "cost": -33324.799760611684,
  "profit": 17692.53698280206,
  "days": 31,
  "time": 28534.9261048823
 },
 "means_std0.84_vrpp_gurobi_gamma1": {
  "overflows": 3.3,
  "kg": 37547.88985799107,
  "ncol": 2786.3,
  "kg_lost": 16.419554813812564,
  "km": 4161.933700000038,
  "kg/km": 9.021854755648013,
  "cost": -33382.656157991034,
  "profit": 17754.76961010935,
  "days": 31,
  "time": 28900.9534760801
 }
}
