{
 "lookahead_sans_new_gamma1": {
  "overflows": 3.1,
  "kg": 37513.9991670018,
  "ncol": 3100.0,
  "kg_lost": 10.868691888398986,
  "km": 6169.406239003379,
  "kg/km": 6.087929659630046,
  "cost": -31341.492927998424,
  "profit": 15727.515074775572,
  "days": 31,
  "time": 35.2262060498
 }
}
