{
 "am_emp": {
  "overflows": 69.18381313573283,
  "kg": 946.0980686776375,
  "ncol": 10.432854089099706,
  "kg_lost": 508.76802179382304,
  "km": 177.39845256233514,
  "kg/km": 0.20637978959870482,
  "cost": 975.8394676668811,
  "days": 0.0,
  "time": 0.04734882577658799
 },
 "am_gamma1": {
  "overflows": 1.7919573407620817,
  "kg": 557.0129843412319,
  "ncol": 1.7511900715418263,
  "kg_lost": 14.732845986779909,
  "km": 134.1964129494128,
  "kg/km": 0.050277608487270024,
  "cost": 555.8535225663697,
  "days": 0.0,
  "time": 0.03716479414058377
 },
 "amgat_hrl_gamma1": {
  "overflows": 1.7919573407620817,
  "kg": 264.02187056143504,
  "ncol": 0.0,
  "kg_lost": 6.998101843720456,
  "km": 30.105470321668967,
  "kg/km": 0.03790893109454161,
  "cost": 276.10509195661535,
  "profit": 166.87705413764556,
  "days": 0.0,
  "time": 0.45422473223606114
 },
 "policy_last_minute50_emp": {
  "overflows": 1.3703203194062976,
  "kg": 574.9723568234486,
  "ncol": 24.694803771913907,
  "kg_lost": 89.05079698938378,
  "km": 99.34521560229555,
  "kg/km": 0.07398927621325138,
  "cost": 572.6963016670976,
  "days": 0.0,
  "time": 39.29244588403054
 },
 "policy_last_minute50_gamma1": {
  "overflows": 9.311880106139206,
  "kg": 594.0348534147303,
  "ncol": 9.600925881277169,
  "kg_lost": 132.5079086183684,
  "km": 132.8895982861965,
  "kg/km": 0.4235896056879885,
  "cost": 588.4364326375141,
  "days": 0.0,
  "time": 29.307511902883842
 },
 "policy_last_minute50_gamma2": {
  "overflows": 9.533566430716728,
  "kg": 605.5674532043804,
  "ncol": 6.395310782127793,
  "kg_lost": 65.86578952274361,
  "km": 89.15047914521946,
  "kg/km": 0.30037221333168596,
  "cost": 639.5059840313268,
  "days": 0.0,
  "time": 31.700244068990905
 },
 "policy_last_minute50_gamma3": {
  "overflows": 9.189970378382922,
  "kg": 504.54320336075705,
  "ncol": 6.146362971528592,
  "kg_lost": 83.73459711325324,
  "km": 81.8743337987486,
  "kg/km": 0.14441130314335898,
  "cost": 460.13398929136804,
  "days": 0.0,
  "time": 34.494492888091926
 },
 "policy_last_minute_and_path50_emp": {
  "overflows": 1.3703203194062976,
  "kg": 574.9723568234486,
  "ncol": 24.694803771913907,
  "kg_lost": 89.05079698938378,
  "km": 91.38028464827624,
  "kg/km": 0.10836782972338233,
  "cost": 568.5562666381508,
  "days": 0.0,
  "time": 39.4323415003935
 },
 "policy_last_minute_and_path50_gamma1": {
  "overflows": 9.311880106139206,
  "kg": 594.0348534147303,
  "ncol": 9.600925881277169,
  "kg_lost": 132.5079086183684,
  "km": 105.44756659544115,
  "kg/km": 0.278213737752886,
  "cost": 585.4298721433939,
  "days": 0.0,
  "time": 25.672200752984086
 },
 "policy_last_minute_and_path50_gamma2": {
  "overflows": 9.533566430716728,
  "kg": 605.5674532043804,
  "ncol": 6.395310782127793,
  "kg_lost": 65.86578952274361,
  "km": 122.17767520336925,
  "kg/km": 0.32843788266596335,
  "cost": 604.2288346151961,
  "days": 0.0,
  "time": 13.112616610168498
 },
 "policy_last_minute_and_path50_gamma3": {
  "overflows": 9.189970378382922,
  "kg": 504.54320336075705,
  "ncol": 6.146362971528592,
  "kg_lost": 83.73459711325324,
  "km": 98.53802410694071,
  "kg/km": 0.175263750594357,
  "cost": 452.1577067692668,
  "days": 0.0,
  "time": 1.5952541710074453
 },
 "policy_regular3_emp": {
  "overflows": 2.8382310609877335,
  "kg": 502.37794537578975,
  "ncol": 0.0,
  "kg_lost": 108.23410840498582,
  "km": 8.105390093723257,
  "kg/km": 0.19493631712891923,
  "cost": 503.2599067731022,
  "days": 0.0,
  "time": 26.85359041838144
 },
 "policy_regular3_gamma1": {
  "overflows": 7.823753006780768,
  "kg": 374.29739690377465,
  "ncol": 0.0,
  "kg_lost": 453.05742361011886,
  "km": 37.620702230098075,
  "kg/km": 0.2343885022643842,
  "cost": 379.04840068504,
  "days": 0.0,
  "time": 14.133617964710231
 },
 "policy_regular3_gamma2": {
  "overflows": 10.075272259900032,
  "kg": 459.538123115652,
  "ncol": 0.0,
  "kg_lost": 256.2454816323987,
  "km": 47.46548365052015,
  "kg/km": 0.20678768888848637,
  "cost": 447.29921691231067,
  "days": 0.0,
  "time": 278.64763669935724
 },
 "policy_regular3_gamma3": {
  "overflows": 6.700746227100382,
  "kg": 322.972757181476,
  "ncol": 0.0,
  "kg_lost": 78.4378557251736,
  "km": 31.601384633693673,
  "kg/km": 0.10765921046804805,
  "cost": 316.0034280681618,
  "days": 0.0,
  "time": 54.25406124914374
 },
 "policy_look_ahead_a_emp": {
  "overflows": 2.2135943621178655,
  "kg": 651.799014693606,
  "ncol": 111.84135589704235,
  "kg_lost": 121.30718582727626,
  "km": 263.14711859593785,
  "kg/km": 0.6454083412784161,
  "cost": 639.6797673560554,
  "days": 1.1737877907772674,
  "time": 47.666806417002
 },
 "policy_look_ahead_a_gamma1": {
  "overflows": 15.322097332502057,
  "kg": 861.9181862985769,
  "ncol": 95.81092491638589,
  "kg_lost": 572.1645778757562,
  "km": 204.7789712935493,
  "kg/km": 0.9236880470404744,
  "cost": 866.6331259392803,
  "days": 0.9660917830792959,
  "time": 52.25067634717061
 },
 "policy_look_ahead_a_sans_emp": {
  "overflows": 23.428614982537912,
  "kg": 884.0099861175527,
  "ncol": 95.85666382677836,
  "kg_lost": 223.13775018036628,
  "km": 275.7008504235465,
  "kg/km": 0.20713416020342812,
  "cost": 876.2183050323058,
  "days": 1.66332999331662,
  "time": 2507.2458472559265
 },
 "policy_look_ahead_a_sans_gamma1": {
  "overflows": 5.312459150169742,
  "kg": 544.9673037108713,
  "ncol": 59.753289077301474,
  "kg_lost": 88.10150720550432,
  "km": 132.92274737840086,
  "kg/km": 0.26357671674650796,
  "cost": 544.5956174364429,
  "days": 0.6324555320336759,
  "time": 25019.111354921883
 },
 "policy_look_ahead_a_sans_gamma2": {
  "overflows": 3.4657049948186747,
  "kg": 525.9990504824942,
  "ncol": 32.11161091498767,
  "kg_lost": 88.0375575092391,
  "km": 78.3608810597193,
  "kg/km": 0.1418016838601261,
  "cost": 531.2771356773551,
  "days": 0.0,
  "time": 539.2278634822935
 },
 "policy_look_ahead_a_sans_gamma3": {
  "overflows": 2.496664441476534,
  "kg": 293.0921517968662,
  "ncol": 81.07123068292749,
  "kg_lost": 33.255130891806715,
  "km": 181.4334469172288,
  "kg/km": 0.21385770502354468,
  "cost": 320.5290751145021,
  "days": 0.0,
  "time": 1331.4615849220966
 },
 "policy_look_ahead_a_vrpp_emp": {
  "overflows": 27.67991650597555,
  "kg": 532.2791665198922,
  "ncol": 44.399199191977424,
  "kg_lost": 231.36313448775715,
  "km": 187.54286738713608,
  "kg/km": 0.21536149732218496,
  "cost": 539.5822730305882,
  "days": 1.398411797560202,
  "time": 371.6365212230553
 },
 "policy_look_ahead_a_vrpp_gamma1": {
  "overflows": 11.547486498993814,
  "kg": 737.8384038507699,
  "ncol": 68.78436514854876,
  "kg_lost": 276.8485211721373,
  "km": 157.51189829921466,
  "kg/km": 0.48241328149443313,
  "cost": 743.9463733037425,
  "days": 0.9660917830792959,
  "time": 7641.798014066826
 },
 "policy_look_ahead_a_vrpp_gamma2": {
  "overflows": 4.383048152953731,
  "kg": 603.5000888081574,
  "ncol": 35.271014224777325,
  "kg_lost": 107.96010655370469,
  "km": 78.98884880826917,
  "kg/km": 0.2051456322050719,
  "cost": 594.8382690581524,
  "days": 0.0,
  "time": 1409.9143489768217
 },
 "policy_look_ahead_a_vrpp_gamma3": {
  "overflows": 9.803060746521977,
  "kg": 11527.33396695363,
  "ncol": 532.1793870491416,
  "kg_lost": 153.56753239369627,
  "km": 241.33840489008168,
  "kg/km": 1.9422510232122694,
  "cost": 11317.68284285859,
  "days": 0.0,
  "time": 53962.970544076794
 },
 "gurobi_vrpp0.84_emp": {
  "overflows": 23.163429030358273,
  "kg": 503.3263686052354,
  "ncol": 20.520991962161848,
  "kg_lost": 202.67075105533442,
  "km": 81.51919318029711,
  "kg/km": 0.10417239178421468,
  "cost": 506.28985401393993,
  "days": 0.0,
  "time": 9287.14092338616
 },
 "gurobi_vrpp0.84_gamma1": {
  "overflows": 3.6147844564602556,
  "kg": 528.064839936514,
  "ncol": 3.6147844564602556,
  "kg_lost": 61.85111522840038,
  "km": 16.996112815713268,
  "kg/km": 0.09435901906399759,
  "cost": 528.2432065358719,
  "days": 0.0,
  "time": 22513.145337243266
 },
 "gurobi_vrpp0.84_gamma2": {
  "overflows": 1.9550504398153574,