{
 "am1_emp": {
  "overflows": 3.0,
  "kg": 22660.0,
  "ncol": 4314.0,
  "kg_lost": 14.0,
  "km": 107010,
  "kg/km": 0.2117559106625549,
  "cost": 84353.0,
  "days": 31,
  "time": 1.2372607639990747
 },
 "am_emp": {
  "overflows": 1.0,
  "kg": 20375.0,
  "ncol": 566.0,
  "kg_lost": 18.0,
  "km": 6125.949999999999,
  "kg/km": 3.3260147405708507,
  "cost": -14248.050000000001,
  "days": 31,
  "time": 0.5395224140000003
 },
 "policy_last_minute50_emp": {
  "overflows": 2.0,
  "kg": 22911.0,
  "ncol": 2354.0,
  "kg_lost": 7.0,
  "km": 6050.777999999999,
  "kg/km": 3.786455229393642,
  "cost": -16858.222,
  "days": 31,
  "time": 61.977788007003255
 },
 "policy_last_minute_and_path50_emp": {
  "overflows": 2.0,
  "kg": 22917.0,
  "ncol": 2760.0,
  "kg_lost": 7.0,
  "km": 5478.925,
  "kg/km": 4.182754828730088,
  "cost": -17436.075,
  "days": 31,
  "time": 61.93873743400036
 },
 "policy_regular3_emp": {
  "overflows": 0.0,
  "kg": 20678.0,
  "ncol": 1100.0,
  "kg_lost": 0.0,
  "km": 3627.404,
  "kg/km": 5.700495450741081,
  "cost": -17050.596,
  "days": 31,
  "time": 2.0141916030000004
 },
 "policy_look_ahead_a_sans_emp": {
  "overflows": 62.0,
  "kg": 21512.0,
  "ncol": 3252.0,
  "kg_lost": 848.0,
  "km": 4540.030999999999,
  "kg/km": 4.7382936372020374,
  "cost": -16909.969,
  "days": 31,
  "time": 1620.6637816229995
 },
 "policy_look_ahead_a_vrpp_emp": {
  "overflows": 144.0,
  "kg": 19657.0,
  "ncol": 2818.0,
  "kg_lost": 1734.0,
  "km": 4753.289,
  "kg/km": 4.135452315228466,
  "cost": -14759.711,
  "days": 31,
  "time": 76.85237388499809
 },
 "gurobi_vrpp0.84_emp": {
  "overflows": 58.0,
  "kg": 21392.0,
  "ncol": 3744.0,
  "kg_lost": 825.0,
  "km": 4960.821,
  "kg/km": 4.3121894541246295,
  "cost": -16373.179,
  "days": 31,
  "time": 2777.167048481002
 },
 "hexaly_vrpp0.84_emp": {
  "overflows": 5.0,
  "kg": 22824.0,
  "ncol": 6138.0,
  "kg_lost": 28.0,
  "km": 6133.35,
  "kg/km": 3.72129423561349,
  "cost": -16685.65,
  "days": 31,
  "time": 215.3945598249993
 }
}