{
 "am1_emp": {
  "overflows": 3.0,
  "kg": 22660.0,
  "ncol": 4314.0,
  "kg_lost": 14.0,
  "km": 107010,
  "kg/km": 0.2117559106625549,
  "cost": 84353.0,
  "days": 31,
  "time": 1.2372607639990747
 },
 "am_emp": {
  "overflows": 1.0,
  "kg": 20375.0,
  "ncol": 566.0,
  "kg_lost": 18.0,
  "km": 6125.949999999999,
  "kg/km": 3.3260147405708507,
  "cost": -14248.050000000001,
  "days": 31,
  "time": 0.5395224140000003
 },
 "policy_last_minute50_emp": {
  "overflows": 2.0,
  "kg": 22911.0,
  "ncol": 2354.0,
  "kg_lost": 7.0,
  "km": 6050.777999999999,
  "kg/km": 3.786455229393642,
  "cost": -16858.222,
  "days": 31,
  "time": 61.977788007003255
 },
 "policy_last_minute90_emp": {
  "overflows": 3.0,
  "kg": 9148.974999999999,
  "ncol": 339.0,
  "kg_lost": 35.0,
  "km": 4324.712999999999,
  "kg/km": 2.115510324037688,
  "cost": -4821.262,
  "profit": 1015.5437075000001,
  "days": 31,
  "time": 2.51050442
 },
 "policy_last_minute_and_path50_emp": {
  "overflows": 2.0,
  "kg": 22917.0,
  "ncol": 2760.0,
  "kg_lost": 7.0,
  "km": 5478.925,
  "kg/km": 4.182754828730088,
  "cost": -17436.075,
  "days": 31,
  "time": 61.93873743400036
 },
 "policy_last_minute_and_path90_emp": {
  "overflows": 3.0,
  "kg": 9148.974999999999,
  "ncol": 339.0,
  "kg_lost": 35.0,
  "km": 4324.712999999999,
  "kg/km": 2.115510324037688,
  "cost": -4821.262,
  "profit": 1015.5437075000001,
  "days": 31,
  "time": 2.4951131790000005
 },
 "policy_regular3_emp": {
  "overflows": 0.0,
  "kg": 9822.05,
  "ncol": 1100.0,
  "kg_lost": 0.0,
  "km": 3627.404,
  "kg/km": 2.707735339102013,
  "cost": -6194.645999999999,
  "profit": 2105.7265850000003,
  "days": 31,
  "time": 2.066693925000001
 },
 "policy_look_ahead_a_emp": {
  "overflows": 11.0,
  "kg": 9110.975,
  "ncol": 597.0,
  "kg_lost": 289.0,
  "km": 1253.5810000000001,
  "kg/km": 7.267958751767935,
  "cost": -7846.394,
  "profit": 4064.4951075,
  "days": 31,
  "time": 415.40821329299996
 },
 "policy_look_ahead_a_sans_emp": {
  "overflows": 59.0,
  "kg": 8998.4,
  "ncol": 1442.0,
  "kg_lost": 622.0,
  "km": 4464.223000000001,
  "kg/km": 2.0156699161309812,
  "cost": -4475.176999999999,
  "profit": 788.1430800000003,
  "days": 31,
  "time": 1743.9693747679999
 },
 "policy_look_ahead_a_vrpp_emp": {
  "overflows": 111.0,
  "kg": 8453.574999999999,
  "ncol": 1278.0,
  "kg_lost": 1134.0,
  "km": 4594.276,
  "kg/km": 1.840023324676184,
  "cost": -3748.298999999999,
  "profit": 340.0757275000001,
  "days": 31,
  "time": 753.2076271429999
 },
 "gurobi_vrpp0.84_emp": {
  "overflows": 44.0,
  "kg": 9257.274999999998,
  "ncol": 1613.0,
  "kg_lost": 423.0,
  "km": 4786.218,
  "kg/km": 1.9341523933928622,
  "cost": -4427.056999999998,
  "profit": 617.2534174999996,
  "days": 31,
  "time": 63929.23898269801
 },
 "hexaly_vrpp0.84_emp": {
  "overflows": 25.0,
  "kg": 9679.55,
  "ncol": 3069.0,
  "kg_lost": 200.0,
  "km": 6157.357999999999,
  "kg/km": 1.5720297569184707,
  "cost": -3497.192,
  "profit": -507.4046650000008,
  "days": 31,
  "time": 3312.6069884069875
 }
}