{
 "last_minute_cf70_tsp_fast_tsp_emp": {
  "overflows": 5.3,
  "kg": 10432.7575,
  "ncol": 1780.0,
  "kg_lost": 51.965,
  "km": 3016.1072000000004,
  "kg/km": 3.4797305866163795,
  "cost": -7411.3503,
  "profit": 3073.49335275,
  "days": 17.8,
  "time": 1068.4179890488
 },
 "last_minute_cf70_tsp_fast_tsp_gamma1": {
  "overflows": 25.7,
  "kg": 37292.65129896969,
  "ncol": 2850.0,
  "kg_lost": 182.71435797207963,
  "km": 4823.074099999999,
  "kg/km": 7.755471252030809,
  "cost": -32443.877198969698,
  "profit": 16944.64646320861,
  "days": 28.5,
  "time": 1710.540562811
 },
 "lookahead_alns_custom_emp": {
  "overflows": 16.5,
  "kg": 9692.802500000002,
  "ncol": 477.5,
  "kg_lost": 132.715,
  "km": 2187.2371000000003,
  "kg/km": 4.460870434514243,
  "cost": -7489.065400000001,
  "profit": 3470.45171925,
  "days": 19.6,
  "time": 167.1678548938
 },
 "lookahead_alns_custom_gamma1": {
  "overflows": 133.6,
  "kg": 35662.606099574725,
  "ncol": 904.9,
  "kg_lost": 570.0694793060703,
  "km": 3343.4492,
  "kg/km": 10.667805544055039,
  "cost": -32185.55689957472,
  "profit": 17472.813980321764,
  "days": 31,
  "time": 297.0751551652
 },
 "lookahead_hgs_custom_emp": {
  "overflows": 8.7,
  "kg": 10341.8425,
  "ncol": 1284.9,
  "kg_lost": 75.8575,
  "km": 1917.7179999999998,
  "kg/km": 5.407210362129728,
  "cost": -8415.424500000001,
  "profit": 4118.81546725,
  "days": 14.5,
  "time": 770.0075798365
 },
 "lookahead_hgs_custom_gamma1": {
  "overflows": 3.3,
  "kg": 37581.08387038378,
  "ncol": 3098.9,
  "kg_lost": 16.419554813812564,
  "km": 4336.097699999999,
  "kg/km": 8.667069631624104,
  "cost": -33241.68617038378,
  "profit": 17599.980955143015,
  "days": 31,
  "time": 1209.339476838
 },
 "lookahead_hh_aco_custom_emp": {
  "overflows": 9.6,
  "kg": 10225.705,
  "ncol": 944.6,
  "kg_lost": 90.915,
  "km": 1728.1525,
  "kg/km": 5.941996941243216,
  "cost": -8487.9525,
  "profit": 4240.591508500001,
  "days": 15.2,
  "time": 463.77384120870005
 },
 "lookahead_hh_aco_custom_gamma1": {
  "overflows": 10.0,
  "kg": 37506.95270494508,
  "ncol": 2743.5,
  "kg_lost": 45.65554507414516,
  "km": 3907.3285,
  "kg/km": 9.599439025329016,
  "cost": -33589.62420494508,
  "profit": 17985.479793876442,
  "days": 31,
  "time": 961.3022747838
 },
 "lookahead_hvpl_custom_emp": {
  "overflows": 8.5,
  "kg": 10349.2525,
  "ncol": 885.0,
  "kg_lost": 79.0875,
  "km": 1693.0378,
  "kg/km": 6.138563949477524,
  "cost": -8647.7147,
  "profit": 4347.82088425,
  "days": 15,
  "time": 1915.2443445715
 },
 "lookahead_hvpl_custom_gamma1": {
  "overflows": 3.4,
  "kg": 37560.522405133845,
  "ncol": 2977.5,
  "kg_lost": 17.29740907959225,
  "km": 4021.5402,
  "kg/km": 9.340213528403545,
  "cost": -33535.58220513384,
  "profit": 17902.53672787662,
  "days": 31,
  "time": 7670.1510317857
 },
 "lookahead_ks_aco_custom_emp": {
  "overflows": 10.0,
  "kg": 10245.655,
  "ncol": 953.5,
  "kg_lost": 88.635,
  "km": 1735.1444999999999,
  "kg/km": 5.928324125713166,
  "cost": -8500.5105,
  "profit": 4245.2443235,
  "days": 15.3,
  "time": 467.2700686855
 },
 "lookahead_ks_aco_custom_gamma1": {
  "overflows": 9.7,
  "kg": 37414.74587302197,
  "ncol": 2726.1,
  "kg_lost": 44.752233190928294,
  "km": 3902.301,
  "kg/km": 9.588065912577767,
  "cost": -33502.74487302197,
  "profit": 17936.686166082924,
  "days": 31,
  "time": 962.4191335761001
 },
 "lookahead_sans_new_emp": {
  "overflows": 8.5,
  "kg": 10342.317500000001,
  "ncol": 1440.0,
  "kg_lost": 77.2825,
  "km": 2092.2047999999986,
  "kg/km": 4.964652887278964,
  "cost": -8241.612700000001,
  "profit": 3944.605924750001,
  "days": 14.4,
  "time": 47.136607680800005
 },
 "lookahead_sans_new_gamma1": {
  "overflows": 3.3,
  "kg": 37581.26154268245,
  "ncol": 3100.0,
  "kg_lost": 16.419554813812564,
  "km": 4504.051999999996,
  "kg/km": 8.343878255109507,
  "cost": -33073.90954268245,
  "profit": 17432.130362463748,
  "days": 31,
  "time": 101.728918846
 },
 "lookahead_sisr_custom_emp": {
  "overflows": 8.5,
  "kg": 10342.317500000001,
  "ncol": 1440.0,
  "kg_lost": 77.2825,
  "km": 1979.0117,
  "kg/km": 5.248480602582742,
  "cost": -8354.8058,
  "profit": 4057.7990247499997,
  "days": 14.4,
  "time": 28.640234975999988
 },
 "lookahead_sisr_custom_gamma1": {
  "overflows": 3.3,
  "kg": 37581.26154268245,
  "ncol": 3100.0,
  "kg_lost": 16.419554813812564,
  "km": 4256.3282,
  "kg/km": 8.829489553596117,
  "cost": -33321.63334268245,
  "profit": 17679.854162463744,
  "days": 31,
  "time": 64.61171230790005
 },
 "regular_lvl3_cvrp_ortools_emp": {
  "overflows": 17.5,
  "kg": 10230.74,
  "ncol": 1000.0,
  "kg_lost": 135.47,
  "km": 1414.0453999999997,
  "kg/km": 7.235000199251524,
  "cost": -8799.1946,
  "profit": 4557.637538,
  "days": 10,
  "time": 563.1763899151
 },
 "regular_lvl3_cvrp_ortools_gamma1": {
  "overflows": 323.3,
  "kg": 31432.580197704312,
  "ncol": 1000.0,
  "kg_lost": 4932.1120388077725,
  "km": 1424.5271,
  "kg/km": 22.065419931703378,
  "cost": -29684.753097704313,
  "profit": 16922.669961400006,
  "days": 10,
  "time": 453.49430557430003
 },
 "regular_lvl4_cvrp_ortools_emp": {
  "overflows": 32.6,
  "kg": 9439.01,
  "ncol": 700.0,
  "kg_lost": 242.25,
  "km": 989.007,
  "kg/km": 9.544117426787553,
  "cost": -8417.403,
  "profit": 4520.543137,
  "days": 7,
  "time": 399.5210031757
 },
 "regular_lvl4_cvrp_ortools_gamma1": {
  "overflows": 2633.2,
  "kg": 0.0,
  "ncol": 0.0,
  "kg_lost": 32847.68109749626,
  "km": 0.0,
  "kg/km": 0.0,
  "cost": 2633.2,
  "profit": 0.0,
  "days": 0,
  "time": 323.09618171600005
 },
 "regular_lvl5_cvrp_ortools_emp": {
  "overflows": 53.2,
  "kg": 9984.737500000001,
  "ncol": 600.0,
  "kg_lost": 381.4725,
  "km": 847.7479999999999,
  "kg/km": 11.777911669448805,
  "cost": -9083.7895,
  "profit": 4980.34327875,
  "days": 6,
  "time": 343.7182459539
 },
 "regular_lvl5_cvrp_ortools_gamma1": {
  "overflows": 2633.2,
  "kg": 0.0,
  "ncol": 0.0,
  "kg_lost": 32847.68109749626,
  "km": 0.0,
  "kg/km": 0.0,
  "cost": 2633.2,
  "profit": 0.0,
  "days": 0,
  "time": 325.0752603894
 },
 "lookahead_vrpp_gurobi_emp": {
  "overflows": 3.4,
  "kg": 10610.645,
  "ncol": 889.4,
  "kg_lost": 32.0625,
  "km": 3455.1243999902235,
  "kg/km": 3.0713236445548775,
  "cost": -7152.120600009777,
  "profit": 2738.3090865097765,
  "days": 31,
  "time": 112.7612195969
 },
 "lookahead_vrpp_gurobi_gamma1": {
  "overflows": 3.3,
  "kg": 37546.690983844535,
  "ncol": 2778.1,
  "kg_lost": 16.419554813812564,
  "km": 4013.0389999820595,
  "kg/km": 9.356197611194466,
  "cost": -33530.35198386248,
  "profit": 17902.964527287993,
  "days": 31,
  "time": 1668.8673018193
 },
 "service_level0.84_vrpp_gurobi_emp": {
  "overflows": 3.4,
  "kg": 10607.415,
  "ncol": 867.6,
  "kg_lost": 33.25,
  "km": 3443.4677999629603,
  "kg/km": 3.0806912120914935,
  "cost": -7160.54720003704,
  "profit": 2748.08033553704,
  "days": 31,
  "time": 101.6056402655
 },
 "service_level0.84_vrpp_gurobi_gamma1": {
  "overflows": 3.3,
  "kg": 37546.10608635492,
  "ncol": 2778.1,
  "kg_lost": 16.419554813812564,
  "km": 4012.9445000000114,
  "kg/km": 9.356286095848372,
  "cost": -33529.861586354906,
  "profit": 17902.717622605356,
  "days": 31,
  "time": 1490.6001581959001
 }
}
