{
 "policy_last_minute70_emp": {
  "overflows": 0.0,
  "kg": 9869.550000000001,
  "ncol": 557.0,
  "kg_lost": 0.0,
  "km": 4133.375,
  "kg/km": 2.3877702845737443,
  "cost": -5736.175000000001,
  "profit": 1627.4813349999995,
  "days": 30,
  "time": 60.770586071000025
 },
 "policy_last_minute90_emp": {
  "overflows": 3.0,
  "kg": 9366.05,
  "ncol": 348.0,
  "kg_lost": 16.625,
  "km": 3843.8849999999993,
  "kg/km": 2.4366103564492696,
  "cost": -5519.165,
  "profit": 1623.0783850000005,
  "days": 29,
  "time": 60.72048863300006
 },
 "policy_regular3_emp": {
  "overflows": 0.0,
  "kg": 10105.15,
  "ncol": 1144.0,
  "kg_lost": 0.0,
  "km": 2243.2739999999994,
  "kg/km": 4.504643659223083,
  "cost": -7861.876,
  "profit": 3655.1020550000003,
  "days": 11,
  "time": 2.081970233999982
 },
 "policy_regular4_emp": {
  "overflows": 4.0,
  "kg": 9736.074999999999,
  "ncol": 832.0,
  "kg_lost": 10.45,
  "km": 1631.4719999999998,
  "kg/km": 5.967662944874323,
  "cost": -8100.602999999999,
  "profit": 4051.4749775000005,
  "days": 8,
  "time": 2.0646077330000026
 },
 "policy_look_ahead_a_alns_emp": {
  "overflows": 11.0,
  "kg": 9382.675,
  "ncol": 624.0,
  "kg_lost": 137.27500000000003,
  "km": 1226.5380000000002,
  "kg/km": 7.649722226298735,
  "cost": -8145.136999999999,
  "profit": 4250.1293975,
  "days": 6,
  "time": 133.82320041399998
 },
 "policy_look_ahead_a_bcp_emp": {
  "overflows": 11.0,
  "kg": 9366.525,
  "ncol": 529.0,
  "kg_lost": 137.27500000000003,
  "km": 1103.493,
  "kg/km": 8.488069249193243,
  "cost": -8252.032,
  "profit": 4363.7476424999995,
  "days": 6,
  "time": 361.5348213030002
 },
 "policy_look_ahead_a_emp": {
  "overflows": 11.0,
  "kg": 9382.675,
  "ncol": 603.0,
  "kg_lost": 137.27500000000003,
  "km": 1248.342,
  "kg/km": 7.516109367465004,
  "cost": -8123.332999999999,
  "profit": 4228.3253975,
  "days": 6,
  "time": 334.226088172
 },
 "policy_look_ahead_a_hgs_emp": {
  "overflows": 11.0,
  "kg": 9382.675,
  "ncol": 528.0,
  "kg_lost": 137.27500000000003,
  "km": 1162.388,
  "kg/km": 8.071895959008524,
  "cost": -8209.287,
  "profit": 4314.2793974999995,
  "days": 6,
  "time": 361.536204782
 },
 "policy_look_ahead_a_sans_emp": {
  "overflows": 11.0,
  "kg": 9382.675,
  "ncol": 568.0,
  "kg_lost": 137.27500000000003,
  "km": 1240.5729999999999,
  "kg/km": 7.563178466724651,
  "cost": -8131.101999999999,
  "profit": 4236.094397499999,
  "days": 6,
  "time": 305.37399725
 },
 "policy_look_ahead_a_vrpp_emp": {
  "overflows": 11.0,
  "kg": 9314.75,
  "ncol": 452.0,
  "kg_lost": 137.27500000000003,
  "km": 1118.303,
  "kg/km": 8.329361541550009,
  "cost": -8185.447,
  "profit": 4318.716575,
  "days": 6,
  "time": 93.14936592599997
 },
 "gurobi_vrpp0.84_emp": {
  "overflows": 0.0,
  "kg": 9994.0,
  "ncol": 696.0,
  "kg_lost": 0.0,
  "km": 4107.549,
  "kg/km": 2.4330811391416147,
  "cost": -5886.451,
  "profit": 1725.9488,
  "days": 30,
  "time": 79.45784768099998
 },
 "gurobi_vrpp1.0_emp": {
  "overflows": 0.0,
  "kg": 9994.0,
  "ncol": 696.0,
  "kg_lost": 0.0,
  "km": 4108.654,
  "kg/km": 2.4324267752894255,
  "cost": -5885.346,
  "profit": 1724.8438,
  "days": 30,
  "time": 87.54527348300007
 },
 "hexaly_vrpp0.84_emp": {
  "overflows": 0.0,
  "kg": 9994.0,
  "ncol": 696.0,
  "kg_lost": 0.0,
  "km": 4095.4219999999996,
  "kg/km": 2.440285762981202,
  "cost": -5898.578,
  "profit": 1738.0757999999998,
  "days": 30,
  "time": 6765.312570352
 },
 "hexaly_vrpp1.0_emp": {
  "overflows": 0.0,
  "kg": 9994.0,
  "ncol": 696.0,
  "kg_lost": 0.0,
  "km": 4103.971,
  "kg/km": 2.435202392999366,
  "cost": -5890.029,
  "profit": 1729.5267999999999,
  "days": 30,
  "time": 6558.016425641001
 }
}