{
 "policy_last_minute90_emp": {
  "overflows": 3.0,
  "kg": 9366.05,
  "ncol": 348.0,
  "kg_lost": 35.0,
  "km": 3843.8849999999993,
  "kg/km": 2.4366103564492696,
  "cost": -5519.165,
  "profit": 1623.0783850000005,
  "days": 29,
  "time": 60.767146727
 },
 "policy_regular3_emp": {
  "overflows": 0.0,
  "kg": 10105.15,
  "ncol": 1144.0,
  "kg_lost": 0.0,
  "km": 2243.2739999999994,
  "kg/km": 4.504643659223083,
  "cost": -7861.876,
  "profit": 3655.1020550000003,
  "days": 11,
  "time": 2.0761079359999997
 },
 "policy_regular4_emp": {
  "overflows": 4.0,
  "kg": 9736.074999999999,
  "ncol": 832.0,
  "kg_lost": 22.0,
  "km": 1631.4719999999998,
  "kg/km": 5.967662944874323,
  "cost": -8100.602999999999,
  "profit": 4051.4749775000005,
  "days": 8,
  "time": 2.0685040829999988
 },
 "policy_look_ahead_a_alns_emp": {
  "overflows": 11.0,
  "kg": 9382.675,
  "ncol": 624.0,
  "kg_lost": 289.0,
  "km": 1225.9520000000002,
  "kg/km": 7.653378761974365,
  "cost": -8145.722999999999,
  "profit": 4250.7153975,
  "days": 6,
  "time": 129.716807606
 },
 "policy_look_ahead_a_bcp_emp": {
  "overflows": 11.0,
  "kg": 9366.525,
  "ncol": 529.0,
  "kg_lost": 289.0,
  "km": 1103.493,
  "kg/km": 8.488069249193243,
  "cost": -8252.032,
  "profit": 4363.7476424999995,
  "days": 6,
  "time": 362.09606715300004
 },
 "policy_look_ahead_a_emp": {
  "overflows": 11.0,
  "kg": 9382.675,
  "ncol": 603.0,
  "kg_lost": 289.0,
  "km": 1248.342,
  "kg/km": 7.516109367465004,
  "cost": -8123.332999999999,
  "profit": 4228.3253975,
  "days": 6,
  "time": 330.69802285000003
 },
 "policy_look_ahead_a_hgs_emp": {
  "overflows": 11.0,
  "kg": 9382.675,
  "ncol": 528.0,
  "kg_lost": 289.0,
  "km": 1158.6100000000001,
  "kg/km": 8.098216828786217,
  "cost": -8213.064999999999,
  "profit": 4318.057397500001,
  "days": 6,
  "time": 361.810766989
 },
 "policy_look_ahead_a_sans_emp": {
  "overflows": 11.0,
  "kg": 9378.875,
  "ncol": 570.0,
  "kg_lost": 289.0,
  "km": 1222.004,
  "kg/km": 7.674995335530817,
  "cost": -8145.871,
  "profit": 4252.445337499999,
  "days": 6,
  "time": 192.530810022
 },
 "policy_look_ahead_a_vrpp_emp": {
  "overflows": 11.0,
  "kg": 9314.75,
  "ncol": 452.0,
  "kg_lost": 289.0,
  "km": 1118.303,
  "kg/km": 8.329361541550009,
  "cost": -8185.447,
  "profit": 4318.716575,
  "days": 6,
  "time": 93.65670563799999
 },
 "gurobi_vrpp0.84_emp": {
  "overflows": 0.0,
  "kg": 9994.0,
  "ncol": 696.0,
  "kg_lost": 0.0,
  "km": 4107.549,
  "kg/km": 2.4330811391416147,
  "cost": -5886.451,
  "profit": 1725.9488,
  "days": 30,
  "time": 76.857689894
 },
 "hexaly_vrpp0.84_emp": {
  "overflows": 0.0,
  "kg": 9994.0,
  "ncol": 696.0,
  "kg_lost": 0.0,
  "km": 4092.9589999999994,
  "kg/km": 2.441754241857786,
  "cost": -5901.041000000001,
  "profit": 1740.5388,
  "days": 30,
  "time": 6960.754874264
 }
}