{
 "aco_hh_custom_gamma3": {
  "overflows": 6.0,
  "kg": 32162.36673972002,
  "ncol": 2640.0,
  "kg_lost": 47.29033880723004,
  "km": 3901.522,
  "kg/km": 8.243543606756548,
  "reward": 28254.844739720018,
  "profit": 14871.651465974577,
  "time": 304.1320101239835,
  "days": 17
 },
 "alns_custom_gamma3": {
  "overflows": 5.0,
  "kg": 32157.16645659377,
  "ncol": 2763.0,
  "kg_lost": 45.17916984520887,
  "km": 3889.5550000000007,
  "kg/km": 8.267569543712266,
  "reward": 28262.61145659377,
  "profit": 14880.583060713785,
  "time": 1024.6105398630025,
  "days": 17
 },
 "bpc_custom_gamma3": {
  "overflows": 5.0,
  "kg": 32155.59882806555,
  "ncol": 2632.0,
  "kg_lost": 45.17916984520887,
  "km": 3977.1739999999995,
  "kg/km": 8.085036970488481,
  "reward": 28173.424828065552,
  "profit": 14792.049035941864,
  "time": 1209.6567197940021,
  "days": 17
 },
 "hgs_custom_gamma3": {
  "overflows": 14.0,
  "kg": 31811.19744541808,
  "ncol": 2301.0,
  "kg_lost": 82.89007933859342,
  "km": 5302.552000000001,
  "kg/km": 5.999224042577627,
  "reward": 26494.645445418082,
  "profit": 13265.643948890538,
  "time": 1280.1629837780201,
  "days": 20
 },
 "pg_clns_custom_gamma3": {
  "overflows": 5.0,
  "kg": 32160.052364202566,
  "ncol": 2762.0,
  "kg_lost": 45.17916984520887,
  "km": 3824.36,
  "kg/km": 8.409263867471306,
  "reward": 28330.692364202565,
  "profit": 14947.462564985039,
  "time": 1172.1143899970048,
  "days": 17
 },
 "psoma_gamma3": {
  "overflows": 5.0,
  "kg": 32164.47790868204,
  "ncol": 2702.0,
  "kg_lost": 45.17916984520887,
  "km": 3999.7110000000007,
  "kg/km": 8.041700490030914,
  "reward": 28159.766908682042,
  "profit": 14774.694755297709,
  "time": 918.5589872410055,
  "days": 17
 },
 "sans_new_gamma3": {
  "overflows": 5.0,
  "kg": 32164.47790868204,
  "ncol": 2890.0,
  "kg_lost": 45.17916984520887,
  "km": 4339.097000000001,
  "kg/km": 7.41271234744972,
  "reward": 27820.38090868204,
  "profit": 14435.308755297709,
  "time": 1029.5647109069978,
  "days": 17
 },
 "swc_tcf_gurobi_gamma3": {
  "overflows": 5.0,
  "kg": 32159.156072391484,
  "ncol": 2840.0,
  "kg_lost": 45.17916984520887,
  "km": 3993.9069999999997,
  "kg/km": 8.052054309825314,
  "reward": 28160.249072391485,
  "profit": 14777.392399454911,
  "time": 793.1380895730108,
  "days": 17
 }
}