{
 "lookahead_aco_hh_custom_none_emp": {
  "overflows": 4.0,
  "kg": 13251.074999999999,
  "ncol": 1395.0,
  "kg_lost": 7.125000000000001,
  "km": 2700.998,
  "kg/km": 4.905992155492155,
  "reward": 10546.077,
  "profit": 5033.654477500001,
  "time": 257.6022772779979,
  "days": 14
 },
 "lookahead_aco_hh_custom_none_gamma": {
  "overflows": 6.0,
  "kg": 32162.36673972002,
  "ncol": 2640.0,
  "kg_lost": 47.29033880723004,
  "km": 3881.402,
  "kg/km": 8.286275613739576,
  "reward": 28274.964739720017,
  "profit": 14891.771465974576,
  "time": 290.9900688790003,
  "days": 17
 },
 "lookahead_alns_custom_none_emp": {
  "overflows": 4.0,
  "kg": 13283.375,
  "ncol": 1394.0,
  "kg_lost": 1.9000000000000001,
  "km": 2547.247,
  "kg/km": 5.214796601978528,
  "reward": 10732.128,
  "profit": 5206.258987499999,
  "time": 845.7149520230014,
  "days": 14
 },
 "lookahead_alns_custom_none_gamma": {
  "overflows": 5.0,
  "kg": 32157.16645659377,
  "ncol": 2758.0,
  "kg_lost": 45.17916984520887,
  "km": 3902.0290000000005,
  "kg/km": 8.241139790758544,
  "reward": 28250.137456593773,
  "profit": 14868.109060713787,
  "time": 1024.7924197559987,
  "days": 17
 },
 "lookahead_bpc_custom_none_emp": {
  "overflows": 4.0,
  "kg": 13287.175,
  "ncol": 1388.0,
  "kg_lost": 1.9000000000000001,
  "km": 2632.0370000000003,
  "kg/km": 5.048247801987586,
  "reward": 10651.137999999999,
  "profit": 5123.6870475000005,
  "time": 1034.9712790960039,
  "days": 14
 },
 "lookahead_bpc_custom_none_gamma": {
  "overflows": 5.0,
  "kg": 32155.59882806555,
  "ncol": 2632.0,
  "kg_lost": 45.17916984520887,
  "km": 3977.1739999999995,
  "kg/km": 8.085036970488481,
  "reward": 28173.424828065552,
  "profit": 14792.049035941864,
  "time": 1211.1972459860044,
  "days": 17
 },
 "lookahead_hgs_custom_none_emp": {
  "overflows": 6.0,
  "kg": 13246.8,
  "ncol": 1129.0,
  "kg_lost": 31.825,
  "km": 2654.935,
  "kg/km": 4.989500684574199,
  "reward": 10585.865,
  "profit": 5077.22216,
  "time": 877.1644042819971,
  "days": 13
 },
 "lookahead_hgs_custom_none_gamma": {
  "overflows": 10.0,
  "kg": 31732.404931175566,
  "ncol": 2179.0,
  "kg_lost": 65.59500891536756,
  "km": 5188.137999999999,
  "kg/km": 6.11633787134721,
  "reward": 26534.266931175567,
  "profit": 13334.066758327179,
  "time": 1214.5492558670012,
  "days": 19
 },
 "lookahead_pg_clns_custom_none_emp": {
  "overflows": 4.0,
  "kg": 13284.8,
  "ncol": 1453.0,
  "kg_lost": 1.9000000000000001,
  "km": 2564.139,
  "kg/km": 5.180998378013048,
  "reward": 10716.661,
  "profit": 5190.19876,
  "time": 959.0545528100047,
  "days": 14
 },
 "lookahead_pg_clns_custom_none_gamma": {
  "overflows": 5.0,
  "kg": 32160.052364202566,
  "ncol": 2761.0,
  "kg_lost": 45.17916984520887,
  "km": 3826.479,
  "kg/km": 8.404607045851439,
  "reward": 28328.573364202566,
  "profit": 14945.343564985036,
  "time": 1172.822188319995,
  "days": 17
 },
 "lookahead_psoma_none_emp": {
  "overflows": 4.0,
  "kg": 13203.099999999999,
  "ncol": 1191.0,
  "kg_lost": 9.5,
  "km": 2486.58,
  "kg/km": 5.309742698807197,
  "reward": 10712.519999999999,
  "profit": 5220.06947,
  "time": 826.9916531180061,
  "days": 14
 },
 "lookahead_psoma_none_gamma": {
  "overflows": 5.0,
  "kg": 32164.47790868204,
  "ncol": 2702.0,
  "kg_lost": 45.17916984520887,
  "km": 3999.7110000000007,
  "kg/km": 8.041700490030914,
  "reward": 28159.766908682042,
  "profit": 14774.694755297709,
  "time": 941.3445541949986,
  "days": 17
 },
 "lookahead_sans_new_none_emp": {
  "overflows": 4.0,
  "kg": 13300.95,
  "ncol": 2051.0,
  "kg_lost": 1.9000000000000001,
  "km": 3255.981,
  "kg/km": 4.085082191818687,
  "reward": 10040.969000000001,
  "profit": 4507.783515000001,
  "time": 850.7847664470028,
  "days": 14
 },
 "lookahead_sans_new_none_gamma": {
  "overflows": 5.0,
  "kg": 32164.47790868204,
  "ncol": 2890.0,
  "kg_lost": 45.17916984520887,
  "km": 4339.097000000001,
  "kg/km": 7.41271234744972,
  "reward": 27820.38090868204,
  "profit": 14435.308755297709,
  "time": 1030.1857917310044,
  "days": 17
 },
 "lookahead_swc_tcf_gurobi_none_emp": {
  "overflows": 4.0,
  "kg": 13300.95,
  "ncol": 1380.0,
  "kg_lost": 1.9000000000000001,
  "km": 2728.8510000000006,
  "kg/km": 4.874194303756416,
  "reward": 10568.099,
  "profit": 5034.913515,
  "time": 850.8405965290003,
  "days": 14
 },
 "lookahead_swc_tcf_gurobi_none_gamma": {
  "overflows": 5.0,
  "kg": 32159.156072391484,
  "ncol": 2839.0,
  "kg_lost": 45.17916984520887,
  "km": 4034.5110000000004,
  "kg/km": 7.9710170755245136,
  "reward": 28119.645072391482,
  "profit": 14736.788399454912,
  "time": 816.664784886998,
  "days": 17
 }
}