{
 "aco_hh_custom_emp": {
  "overflows": 4.0,
  "kg": 13251.074999999999,
  "ncol": 1395.0,
  "kg_lost": 7.125000000000001,
  "km": 2720.213,
  "kg/km": 4.871337281308485,
  "reward": 10526.862,
  "profit": 5014.439477500001,
  "time": 389.49402261400064,
  "days": 14
 },
 "aco_hh_custom_gamma3": {
  "overflows": 6.0,
  "kg": 32162.36673972002,
  "ncol": 2640.0,
  "kg_lost": 47.29033880723004,
  "km": 3916.5789999999993,
  "kg/km": 8.211851909464874,
  "reward": 28239.78773972002,
  "profit": 14856.594465974575,
  "time": 309.98340659400037,
  "days": 17
 },
 "alns_custom_emp": {
  "overflows": 4.0,
  "kg": 13287.175,
  "ncol": 1432.0,
  "kg_lost": 1.9000000000000001,
  "km": 2553.0480000000002,
  "kg/km": 5.204436030971607,
  "reward": 10730.126999999999,
  "profit": 5202.676047500001,
  "time": 845.1617680219997,
  "days": 14
 },
 "alns_custom_gamma3": {
  "overflows": 5.0,
  "kg": 32158.47098848906,
  "ncol": 2763.0,
  "kg_lost": 45.17916984520887,
  "km": 3962.072,
  "kg/km": 8.116579150628525,
  "reward": 28191.39898848906,
  "profit": 14808.827515981062,
  "time": 1025.416589476,
  "days": 17
 },
 "bpc_custom_emp": {
  "overflows": 4.0,
  "kg": 13287.175,
  "ncol": 1388.0,
  "kg_lost": 1.9000000000000001,
  "km": 2632.0370000000003,
  "kg/km": 5.048247801987586,
  "reward": 10651.137999999999,
  "profit": 5123.6870475000005,
  "time": 1192.2370463339994,
  "days": 14
 },
 "bpc_custom_gamma3": {
  "overflows": 5.0,
  "kg": 32155.59882806555,
  "ncol": 2632.0,
  "kg_lost": 45.17916984520887,
  "km": 3977.1739999999995,
  "kg/km": 8.085036970488481,
  "reward": 28173.424828065552,
  "profit": 14792.049035941864,
  "time": 1385.2982869380003,
  "days": 17
 },
 "hgs_custom_emp": {
  "overflows": 7.0,
  "kg": 13250.6,
  "ncol": 1161.0,
  "kg_lost": 22.325,
  "km": 2777.4880000000003,
  "kg/km": 4.770713680851186,
  "reward": 10466.112000000001,
  "profit": 4956.8872200000005,
  "time": 1128.365677969,
  "days": 14
 },
 "hgs_custom_gamma3": {
  "overflows": 8.0,
  "kg": 31697.03367281208,
  "ncol": 2382.0,
  "kg_lost": 51.879223063339566,
  "km": 6014.082,
  "kg/km": 5.270469154363388,
  "reward": 25674.95167281208,
  "profit": 12487.476554820409,
  "time": 1564.6505070330004,
  "days": 22
 },
 "pg_clns_custom_emp": {
  "overflows": 4.0,
  "kg": 13284.8,
  "ncol": 1459.0,
  "kg_lost": 1.9000000000000001,
  "km": 2567.893,
  "kg/km": 5.173424282086519,
  "reward": 10712.907,
  "profit": 5186.44476,
  "time": 1155.8855848929998,
  "days": 14
 },
 "pg_clns_custom_gamma3": {
  "overflows": 5.0,
  "kg": 32160.052364202566,
  "ncol": 2761.0,
  "kg_lost": 45.17916984520887,
  "km": 3828.558,
  "kg/km": 8.400043140054967,
  "reward": 28326.494364202565,
  "profit": 14943.26456498504,
  "time": 1290.4710588119997,
  "days": 17
 },
 "psoma_emp": {
  "overflows": 4.0,
  "kg": 13208.8,
  "ncol": 1259.0,
  "kg_lost": 1.9000000000000001,
  "km": 2487.8250000000003,
  "kg/km": 5.30937666435541,
  "reward": 10716.974999999999,
  "profit": 5222.151559999999,
  "time": 855.0935491910004,
  "days": 14
 },
 "psoma_gamma3": {
  "overflows": 5.0,
  "kg": 32164.47790868204,
  "ncol": 2702.0,
  "kg_lost": 45.17916984520887,
  "km": 4000.3080000000004,
  "kg/km": 8.040500358642895,
  "reward": 28159.16990868204,
  "profit": 14774.09775529771,
  "time": 991.4577099889993,
  "days": 17
 },
 "sans_new_emp": {
  "overflows": 4.0,
  "kg": 13300.95,
  "ncol": 2052.0,
  "kg_lost": 1.9000000000000001,
  "km": 3261.805,
  "kg/km": 4.077788218486391,
  "reward": 10035.145,
  "profit": 4501.959515000001,
  "time": 854.0772261399998,
  "days": 14
 },
 "sans_new_gamma3": {
  "overflows": 5.0,
  "kg": 32164.47790868204,
  "ncol": 2890.0,
  "kg_lost": 45.17916984520887,
  "km": 4339.097000000001,
  "kg/km": 7.41271234744972,
  "reward": 27820.38090868204,
  "profit": 14435.308755297709,
  "time": 1032.7708006969997,
  "days": 17
 },
 "swc_tcf_gurobi_emp": {
  "overflows": 4.0,
  "kg": 13300.95,
  "ncol": 1381.0,
  "kg_lost": 1.9000000000000001,
  "km": 2794.0190000000002,
  "kg/km": 4.760508070990212,
  "reward": 10502.931,
  "profit": 4969.745515,
  "time": 858.4120366910001,
  "days": 14
 },
 "swc_tcf_gurobi_gamma3": {
  "overflows": 5.0,
  "kg": 32159.156072391484,
  "ncol": 2836.0,
  "kg_lost": 45.17916984520887,
  "km": 4030.9260000000004,
  "kg/km": 7.978106289321977,
  "reward": 28123.230072391485,
  "profit": 14740.37339945491,
  "time": 861.8502584200005,
  "days": 17
 }
}