{
 "aco_hh_custom_emp": {
  "overflows": 17.0,
  "kg": 21754.524999999998,
  "ncol": 1905.0,
  "kg_lost": 101.65,
  "km": 3954.1160000000004,
  "kg/km": 5.501741729377691,
  "reward": 17783.408999999996,
  "profit": 8744.000242499998,
  "time": 497.12466993199996,
  "days": 33
 },
 "aco_hh_custom_gamma3": {
  "overflows": 15.0,
  "kg": 58903.79622617257,
  "ncol": 4428.0,
  "kg_lost": 53.61196528768727,
  "km": 6206.700000000001,
  "kg/km": 9.490356586619711,
  "reward": 52682.096226172565,
  "profit": 28175.44585721694,
  "time": 493.3914137350075,
  "days": 46
 },
 "alns_custom_emp": {
  "overflows": 17.0,
  "kg": 21754.524999999998,
  "ncol": 1930.0,
  "kg_lost": 101.65,
  "km": 3693.2899999999995,
  "kg/km": 5.890283460004495,
  "reward": 18044.234999999997,
  "profit": 9004.826242500001,
  "time": 1989.367346641,
  "days": 33
 },
 "alns_custom_gamma3": {
  "overflows": 15.0,
  "kg": 58891.800307354104,
  "ncol": 4380.0,
  "kg_lost": 65.60788410615763,
  "km": 5964.696000000002,
  "kg/km": 9.873395108041397,
  "reward": 52912.1043073541,
  "profit": 28410.447839402594,
  "time": 2705.705469184002,
  "days": 45
 },
 "bpc_custom_emp": {
  "overflows": 17.0,
  "kg": 21754.524999999998,
  "ncol": 1968.0,
  "kg_lost": 101.65,
  "km": 3875.756,
  "kg/km": 5.61297589425134,
  "reward": 17861.768999999997,
  "profit": 8822.3602425,
  "time": 1473.2831554590002,
  "days": 33
 },
 "bpc_custom_gamma3": {
  "overflows": 15.0,
  "kg": 58891.800307354104,
  "ncol": 4332.0,
  "kg_lost": 65.60788410615763,
  "km": 6194.043000000001,
  "kg/km": 9.507812636650101,
  "reward": 52682.757307354106,
  "profit": 28181.100839402592,
  "time": 2243.5773118969955,
  "days": 45
 },
 "hgs_custom_emp": {
  "overflows": 17.0,
  "kg": 21754.524999999998,
  "ncol": 1682.0,
  "kg_lost": 101.65,
  "km": 3605.533999999999,
  "kg/km": 6.033648552475168,
  "reward": 18131.990999999998,
  "profit": 9092.5822425,
  "time": 2096.427264295,
  "days": 32
 },
 "hgs_custom_gamma3": {
  "overflows": 15.0,
  "kg": 58891.800307354104,
  "ncol": 4358.0,
  "kg_lost": 65.60788410615763,
  "km": 6141.377999999999,
  "kg/km": 9.589346284718856,
  "reward": 52735.42230735411,
  "profit": 28233.765839402593,
  "time": 2882.8927838730015,
  "days": 45
 },
 "pg_clns_custom_emp": {
  "overflows": 17.0,
  "kg": 21754.524999999998,
  "ncol": 1956.0,
  "kg_lost": 101.65,
  "km": 3686.466000000001,
  "kg/km": 5.90118693621479,
  "reward": 18051.058999999997,
  "profit": 9011.6502425,
  "time": 2274.5892185190005,
  "days": 33
 },
 "pg_clns_custom_gamma3": {
  "overflows": 15.0,
  "kg": 58891.800307354104,
  "ncol": 4381.0,
  "kg_lost": 65.60788410615763,
  "km": 5895.044,
  "kg/km": 9.990052713322259,
  "reward": 52981.7563073541,
  "profit": 28480.099839402596,
  "time": 2776.7728737689904,
  "days": 45
 },
 "psoma_emp": {
  "overflows": 18.0,
  "kg": 21742.174999999996,
  "ncol": 1587.0,
  "kg_lost": 108.30000000000001,
  "km": 3700.501,
  "kg/km": 5.87546794339469,
  "reward": 18023.673999999995,
  "profit": 8990.406547499999,
  "time": 1077.139122556,
  "days": 33
 },
 "psoma_gamma3": {
  "overflows": 15.0,
  "kg": 58903.79622617257,
  "ncol": 4483.0,
  "kg_lost": 53.61196528768727,
  "km": 6317.333000000003,
  "kg/km": 9.324155656536158,
  "reward": 52571.463226172564,
  "profit": 28064.812857216923,
  "time": 781.5637765440042,
  "days": 46
 },
 "sans_new_emp": {
  "overflows": 17.0,
  "kg": 21754.524999999998,
  "ncol": 3109.0,
  "kg_lost": 101.65,
  "km": 4669.886999999999,
  "kg/km": 4.658469252039718,
  "reward": 17067.638,
  "profit": 8028.229242500001,
  "time": 1991.3939695489998,
  "days": 33
 },
 "sans_new_gamma3": {
  "overflows": 15.0,
  "kg": 58891.800307354104,
  "ncol": 4500.0,
  "kg_lost": 65.60788410615763,
  "km": 6538.140000000004,
  "kg/km": 9.007424176807788,
  "reward": 52338.6603073541,
  "profit": 27837.003839402605,
  "time": 2708.3322784560005,
  "days": 45
 },
 "swc_tcf_gurobi_emp": {
  "overflows": 17.0,
  "kg": 21754.524999999998,
  "ncol": 1815.0,
  "kg_lost": 101.65,
  "km": 3779.4420000000005,
  "kg/km": 5.756015041373831,
  "reward": 17958.083,
  "profit": 8918.674242499997,
  "time": 1310.5493451559996,
  "days": 33
 },
 "swc_tcf_gurobi_gamma3": {
  "overflows": 15.0,
  "kg": 58891.800307354104,
  "ncol": 4462.0,
  "kg_lost": 65.60788410615763,
  "km": 6225.456999999996,
  "kg/km": 9.459835688746086,
  "reward": 52651.34330735411,
  "profit": 28149.686839402595,
  "time": 424.7104107209889,
  "days": 45
 }
}