{
 "last_minute_cf70_tsp_fast_tsp_gamma1": {
  "overflows": 12.500666648889837,
  "kg": 313.6652988843089,
  "ncol": 8.983936281558941,
  "kg_lost": 109.85265883391718,
  "km": 71.08516521039286,
  "kg/km": 0.10777599049451406,
  "cost": 298.17078187452586,
  "profit": 174.3024829708565,
  "days": 0.0,
  "time": 592.9847519127926
 },
 "lookahead_days7_alns_custom_gamma1": {
  "overflows": 1.9321835661585918,
  "kg": 343.27316338862346,
  "ncol": 19.25299399516288,
  "kg_lost": 6.020406207385977,
  "km": 36.602578084670846,
  "kg/km": 0.06651511492031742,
  "cost": 349.0495455484892,
  "profit": 207.76985625707118,
  "days": 0.0,
  "time": 6.793148564170073
 },
 "lookahead_days7_bcp_ortools_gamma1": {
  "overflows": 1.9321835661585918,
  "kg": 343.27316338862346,
  "ncol": 19.25299399516288,
  "kg_lost": 6.020406207385977,
  "km": 31.94805538874385,
  "kg/km": 0.07128181101613658,
  "cost": 353.5834641214306,
  "profit": 211.89943512451,
  "days": 0.0,
  "time": 6.42615591127075
 },
 "lookahead_days7_hgs_custom_gamma1": {
  "overflows": 1.9321835661585918,
  "kg": 343.27316338862346,
  "ncol": 19.25299399516288,
  "kg_lost": 6.020406207385977,
  "km": 53.604096601430754,
  "kg/km": 0.0737064787167385,
  "cost": 342.98250082185,
  "profit": 203.37785879264533,
  "days": 0.0,
  "time": 22.233442237201903
 },
 "lookahead_days7_lkh_custom_gamma1": {
  "overflows": 1.9321835661585918,
  "kg": 343.27316338862346,
  "ncol": 19.25299399516288,
  "kg_lost": 6.020406207385977,
  "km": 112.75283753492795,
  "kg/km": 0.14286860025017006,
  "cost": 408.4180776378426,
  "profit": 272.33689773023895,
  "days": 0.0,
  "time": 83.19748595314506
 },
 "lookahead_days7_sans_a_gamma1": {
  "overflows": 1.9321835661585918,
  "kg": 331.4302074741208,
  "ncol": 0.0,
  "kg_lost": 6.020406207385977,
  "km": 0.0,
  "kg/km": 0.04188706757650286,
  "cost": 331.10571022007,
  "profit": 193.4558121026442,
  "days": 0.0,
  "time": 183.86393284956057
 },
 "regular_lvl3_cvrp_ortools_gamma1": {
  "overflows": 18.763143541409992,
  "kg": 186.01935987726833,
  "ncol": 0.0,
  "kg_lost": 251.6975420522922,
  "km": 2.1017326740892823,
  "kg/km": 0.01542881610895523,
  "cost": 187.300930244311,
  "profit": 107.88122743764589,
  "days": 0.0,
  "time": 20.347360083143577
 },
 "regular_lvl4_cvrp_ortools_gamma1": {
  "overflows": 22.163282949759747,
  "kg": 160.40035163351428,
  "ncol": 0.0,
  "kg_lost": 334.15388073603714,
  "km": 1.3759070099394413,
  "kg/km": 0.01599568614189833,
  "cost": 165.21925650197403,
  "profit": 94.32758478646443,
  "days": 0.0,
  "time": 10.990810196977726
 },
 "regular_lvl5_cvrp_ortools_gamma1": {
  "overflows": 19.7439160812191,
  "kg": 121.13041783084921,
  "ncol": 0.0,
  "kg_lost": 344.70954567410917,
  "km": 2.246846738580089,
  "kg/km": 0.014523843246255039,
  "cost": 124.10696472087933,
  "profit": 71.35125258505882,
  "days": 0.0,
  "time": 9.941694860077677
 },
 "lookahead_days7_vrpp_gurobi_gamma1": {
  "overflows": 20.91889098398861,
  "kg": 433.37144053523696,
  "ncol": 140.84621242885999,
  "kg_lost": 290.13195540651054,
  "km": 1988.4598287802905,
  "kg/km": 0.07317301784448543,
  "cost": 1776.5644984240778,
  "profit": 1865.3906991645053,
  "days": 0.9660917830792959,
  "time": 295.246967530367
 },
 "means_std0.84_vrpp_gurobi_gamma1": {
  "overflows": 672.823932722703,
  "kg": 10422.145114647277,
  "ncol": 372.745981422559,
  "kg_lost": 8407.60588052851,
  "km": 3456.464904130244,
  "kg/km": 0.208993353868042,
  "cost": 7760.630835864214,
  "profit": 2821.766757103477,
  "days": 5.195083145522205,
  "time": 9667.09264472686
 }
}
