{
 "am_emp": {
  "overflows": 9.141480551128831,
  "kg": 489.0364789847254,
  "ncol": 6.114645442614713,
  "kg_lost": 165.14589509481206,
  "km": 145.4881047775996,
  "kg/km": 0.0972088869410527,
  "cost": 478.2642203702025,
  "days": 0.0,
  "time": 0.042924198255591774
 },
 "am_gamma1": {
  "overflows": 2.1081851067789197,
  "kg": 579.2363966927188,
  "ncol": 0.0,
  "kg_lost": 22.10037888799677,
  "km": 120.66682614653291,
  "kg/km": 0.034530953828087796,
  "cost": 577.8409450797753,
  "days": 0.0,
  "time": 0.05427710810973151
 },
 "policy_last_minute50_emp": {
  "overflows": 2.250925735484551,
  "kg": 623.0316649702129,
  "ncol": 22.568414506414342,
  "kg_lost": 91.19630840481794,
  "km": 89.15626561268398,
  "kg/km": 0.0826085594649788,
  "cost": 624.2078933244297,
  "days": 0.0,
  "time": 85.97148474282645
 },
 "policy_last_minute50_gamma1": {
  "overflows": 16.409383204217555,
  "kg": 574.3131313808115,
  "ncol": 5.974648824109127,
  "kg_lost": 234.99675983296387,
  "km": 131.04365573477097,
  "kg/km": 0.2412671138408122,
  "cost": 564.870729038914,
  "days": 0.0,
  "time": 45.834461452254295
 },
 "policy_last_minute50_gamma2": {
  "overflows": 15.26215362697327,
  "kg": 1082.3229365720392,
  "ncol": 10.500793620801556,
  "kg_lost": 182.39261902734657,
  "km": 224.3383887004678,
  "kg/km": 0.43474841500122147,
  "cost": 948.3782968288981,
  "days": 0.0,
  "time": 25.75869537050463
 },
 "policy_last_minute50_gamma3": {
  "overflows": 13.955882869480766,
  "kg": 950.5288700653673,
  "ncol": 9.709102258533827,
  "kg_lost": 92.37814248748236,
  "km": 54.398872630883695,
  "kg/km": 0.1939378434497059,
  "cost": 918.8624808049301,
  "days": 0.0,
  "time": 23.434918061213757
 },
 "policy_last_minute_and_path50_emp": {
  "overflows": 2.250925735484551,
  "kg": 623.0316649702129,
  "ncol": 22.568414506414342,
  "kg_lost": 91.19630840481794,
  "km": 56.74371367590734,
  "kg/km": 0.10075145179419945,
  "cost": 618.8940748873125,
  "days": 0.0,
  "time": 32.31660766234773
 },
 "policy_last_minute_and_path50_gamma1": {
  "overflows": 16.499494941765136,
  "kg": 544.6944405171847,
  "ncol": 6.634087059355727,
  "kg_lost": 208.06099442241023,
  "km": 269.4625859167548,
  "kg/km": 0.42573460167806393,
  "cost": 547.4032723932302,
  "days": 0.0,
  "time": 14.165791468868292
 },
 "policy_last_minute_and_path50_gamma2": {
  "overflows": 15.26215362697327,
  "kg": 1082.3229365720392,
  "ncol": 10.500793620801556,
  "kg_lost": 182.39261902734657,
  "km": 252.4452424280251,
  "kg/km": 0.4712625412869681,
  "cost": 890.3194343366725,
  "days": 0.0,
  "time": 17.15908079122005
 },
 "policy_last_minute_and_path50_gamma3": {
  "overflows": 13.955882869480766,
  "kg": 950.5288700653673,
  "ncol": 9.709102258533827,
  "kg_lost": 92.37814248748236,
  "km": 54.25559054461055,
  "kg/km": 0.23790686171916947,
  "cost": 935.5670061691429,
  "days": 0.0,
  "time": 21.406730541090308
 },
 "policy_regular3_emp": {
  "overflows": 7.549098548097573,
  "kg": 517.45944553924,
  "ncol": 0.0,
  "kg_lost": 216.57857183428322,
  "km": 120.31072931852572,
  "kg/km": 0.2984869686794888,
  "cost": 510.15409917690744,
  "days": 0.0,
  "time": 0.0002001682347545109
 },
 "policy_regular3_gamma1": {
  "overflows": 12.050357302217686,
  "kg": 412.48691256891306,
  "ncol": 0.0,
  "kg_lost": 501.5128829128705,
  "km": 33.41914165979971,
  "kg/km": 0.08666878821116439,
  "cost": 404.6710763347506,
  "days": 0.0,
  "time": 33.73693134173639
 },
 "policy_regular3_gamma2": {
  "overflows": 17.009801096230763,
  "kg": 648.9673427075012,
  "ncol": 0.0,
  "kg_lost": 262.91184546199855,
  "km": 33.443934761361746,
  "kg/km": 0.10574353372440867,
  "cost": 616.4355040526475,
  "days": 0.0,
  "time": 333.3036606122841
 },
 "policy_regular3_gamma3": {
  "overflows": 5.125101625008686,
  "kg": 857.6674661923216,
  "ncol": 0.0,
  "kg_lost": 102.82887343381041,
  "km": 172.58290991832808,
  "kg/km": 0.43100187560006065,
  "cost": 707.8458884957835,
  "days": 0.0,
  "time": 214.35617264014334
 },
 "policy_look_ahead_a_emp": {
  "overflows": 3.8815804341359033,
  "kg": 1068.63583340839,
  "ncol": 274.21451456843056,
  "kg_lost": 102.95500635390847,
  "km": 367.1469969436253,
  "kg/km": 0.6906114516080961,
  "cost": 1055.4750467845079,
  "days": 1.66332999331662,
  "time": 1474.84878529294
 },
 "policy_look_ahead_a_gamma1": {
  "overflows": 23.328570942563587,
  "kg": 2150.7663479547364,
  "ncol": 204.85995216244683,
  "kg_lost": 576.277414816168,
  "km": 308.5054689017331,
  "kg/km": 0.9392562050388743,
  "cost": 2137.1507966864874,
  "days": 0.9486832980505138,
  "time": 157.4773021872298
 },
 "policy_look_ahead_a_sans_emp": {
  "overflows": 8.435375246872871,
  "kg": 1094.1184223941311,
  "ncol": 511.18581096635825,
  "kg_lost": 91.6273248909225,
  "km": 794.287859257559,
  "kg/km": 1.0101110384744434,
  "cost": 1086.3761544727367,
  "days": 3.2128215360057304,
  "time": 9682.694688746189
 },
 "policy_look_ahead_a_sans_gamma1": {
  "overflows": 19.160433769156224,
  "kg": 685.2078885202368,
  "ncol": 75.86684241338753,
  "kg_lost": 476.3201188464809,
  "km": 104.83077854549988,
  "kg/km": 0.2915765953667317,
  "cost": 684.149003662311,
  "days": 0.5270462766947299,
  "time": 2781.365110021337
 },
 "policy_look_ahead_a_sans_gamma2": {
  "overflows": 3.977715704047013,
  "kg": 790.6466852386711,
  "ncol": 54.247273356977736,
  "kg_lost": 91.40027206988488,
  "km": 82.92134133857752,
  "kg/km": 0.18937880741216845,
  "cost": 797.845375261127,
  "days": 0.0,
  "time": 7730.731874853168
 },
 "policy_look_ahead_a_sans_gamma3": {
  "overflows": 2.7406406388125952,
  "kg": 848.2855871844235,
  "ncol": 195.14439098609353,
  "kg_lost": 78.11019168009886,
  "km": 293.5433520646202,
  "kg/km": 0.39945477673273844,
  "cost": 799.9201660074946,
  "days": 0.0,
  "time": 13207.854597160365
 },
 "policy_look_ahead_a_vrpp_emp": {
  "overflows": 41.160390884657275,
  "kg": 693.6608521300433,
  "ncol": 37.14476185592436,
  "kg_lost": 369.59822029393547,
  "km": 160.44592049870826,
  "kg/km": 0.27135481658973865,
  "cost": 709.5986582198282,
  "days": 0.7378647873726218,
  "time": 970.2542530408613
 },
 "policy_look_ahead_a_vrpp_gamma1": {
  "overflows": 25.235777072332137,
  "kg": 861.023289104428,
  "ncol": 145.98177207370028,
  "kg_lost": 613.5158037564541,
  "km": 212.2667064667313,
  "kg/km": 0.7235397544076032,
  "cost": 872.8689890414156,
  "days": 1.0749676997731399,
  "time": 10558.995489894403
 },
 "policy_look_ahead_a_vrpp_gamma2": {
  "overflows": 6.992853494818835,
  "kg": 866.9626894116545,
  "ncol": 50.64297691794106,
  "kg_lost": 114.6570715221422,
  "km": 83.66086581457613,
  "kg/km": 0.3420240296799408,
  "cost": 893.9078659679843,
  "days": 0.0,
  "time": 10476.528440449674
 },
 "policy_look_ahead_a_vrpp_gamma3": {
  "overflows": 9.968840342676664,
  "kg": 815.7998212513634,
  "ncol": 103.70626253456871,
  "kg_lost": 123.63951348411798,
  "km": 185.27883306702276,
  "kg/km": 0.4268916449818359,
  "cost": 725.2187413075103,
  "days": 0.0,
  "time": 88485.5209152224
 },
 "gurobi_vrpp0.84_emp": {
  "overflows": 14.371654200002325,
  "kg": 794.5968999016629,
  "ncol": 44.02322619305001,
  "kg_lost": 245.10279022846268,
  "km": 213.8119951021616,
  "kg/km": 0.31433885458843847,
  "cost": 819.8067780826606,
  "days": 0.0,
  "time": 190154.11494086706
 },
 "gurobi_vrpp0.84_gamma1": {
  "overflows": 74.08433632616877,
  "kg": 2922.7450200372627,
  "ncol": 195.92575124265827,
  "kg_lost": 2593.781168398804,
  "km": 428.48179102372524,
  "kg/km": 1.2156413912147266,
  "cost": 3022.493417559236,
  "days": 0.0,
  "time": 96082.73819743351
 },
 "gurobi_vrpp0.84_gamma2": {
  "overflows": 36.0252997520107,
  "kg": 1297.598654247822,
  "ncol": 253.23462989444747,
  "kg_lost": 943.9363093482873,
  "km": 346.2654652944114,
  "kg/km": 0.6247624304818797,
  "cost": 1292.818213284286,
  "days": 0.0,
  "time": 2020.425029172167
 },
 "gurobi_vrpp0.84_gamma3": {
  "overflows": 1.5491933384829668,
  "kg": 845.9930428352502,