{
 "am_emp": {
  "overflows": 62.7,
  "kg": 33228.3,
  "ncol": 410.5,
  "kg_lost": 1198.5,
  "km": 6174.4169999999995,
  "kg/km": 5.38323010211075,
  "cost": -32548.1583,
  "days": 31,
  "time": 0.299642784
 },
 "am_gamma1": {
  "overflows": 5.0,
  "kg": 134378.37924777882,
  "ncol": 5270.0,
  "kg_lost": 45.711483701274105,
  "km": 24587.2305,
  "kg/km": 5.465484427261742,
  "cost": -131914.65619777882,
  "days": 31,
  "time": 2.4026071803999995
 },
 "policy_last_minute50_emp": {
  "overflows": 10.8,
  "kg": 39217.3,
  "ncol": 1905.0,
  "kg_lost": 212.1,
  "km": 6797.780000000001,
  "kg/km": 5.764649262651222,
  "cost": -38536.561239999995,
  "days": 31,
  "time": 1148.6435192703
 },
 "policy_last_minute50_gamma1": {
  "overflows": 247.125,
  "kg": 126753.00252567747,
  "ncol": 1493.625,
  "kg_lost": 2289.8459493281503,
  "km": 8938.735499999999,
  "kg/km": 14.179693057331354,
  "cost": -125624.45571317746,
  "days": 31,
  "time": 1191.8607141005
 },
 "policy_last_minute50_gamma2": {
  "overflows": 231.6,
  "kg": 95285.87457644969,
  "ncol": 1067.4,
  "kg_lost": 2027.4044027568702,
  "km": 6444.3005,
  "kg/km": 14.798977448163834,
  "cost": -88609.97407644968,
  "days": 31,
  "time": 1205.1938819862999
 },
 "policy_last_minute50_gamma3": {
  "overflows": 215.9,
  "kg": 63457.159725206984,
  "ncol": 677.4,
  "kg_lost": 1994.7949612416999,
  "km": 4639.272199999999,
  "kg/km": 13.678959544594244,
  "cost": -58601.98752520699,
  "days": 31,
  "time": 1040.2987881881
 },
 "policy_last_minute_and_path50_emp": {
  "overflows": 10.8,
  "kg": 39217.3,
  "ncol": 1905.0,
  "kg_lost": 212.1,
  "km": 6705.225200000001,
  "kg/km": 5.849067003981206,
  "cost": -32501.2748,
  "days": 31,
  "time": 487.59557054249996
 },
 "policy_last_minute_and_path50_gamma1": {
  "overflows": 250.3,
  "kg": 126786.83533749935,
  "ncol": 1494.3,
  "kg_lost": 2290.414056064289,
  "km": 8857.2445,
  "kg/km": 14.325994855139172,
  "cost": -117679.29083749934,
  "days": 31,
  "time": 572.160601352
 },
 "policy_last_minute_and_path50_gamma2": {
  "overflows": 231.6,
  "kg": 95285.87457644969,
  "ncol": 1067.4,
  "kg_lost": 2027.4044027568702,
  "km": 6442.7331,
  "kg/km": 14.805798598935606,
  "cost": -88611.5414764497,
  "days": 31,
  "time": 1208.0721769298
 },
 "policy_last_minute_and_path50_gamma3": {
  "overflows": 215.9,
  "kg": 63457.159725206984,
  "ncol": 677.4,
  "kg_lost": 1994.7949612416999,
  "km": 4653.7567,
  "kg/km": 13.637016793805266,
  "cost": -58587.503025206985,
  "days": 31,
  "time": 1031.6760156822
 },
 "policy_regular3_emp": {
  "overflows": 47.1,
  "kg": 37345.5,
  "ncol": 1700.0,
  "kg_lost": 827.5,
  "km": 3826.3463999999994,
  "kg/km": 9.767715869183137,
  "cost": -36915.76536,
  "days": 31,
  "time": 20.030481352200006
 },
 "policy_regular3_gamma1": {
  "overflows": 550.9,
  "kg": 112421.93886184822,
  "ncol": 1700.0,
  "kg_lost": 17652.891711569468,
  "km": 6030.690444444444,
  "kg/km": 18.651894911878344,
  "cost": -111268.90081184823,
  "days": 10,
  "time": 115.1729016875
 },
 "policy_regular3_gamma2": {
  "overflows": 266.0,
  "kg": 94999.8958207987,
  "ncol": 1700.0,
  "kg_lost": 5058.526383220516,
  "km": 5223.1731,
  "kg/km": 18.188387978674882,
  "cost": -89510.72272079869,
  "days": 31,
  "time": 277.59664183079997
 },
 "policy_regular3_gamma3": {
  "overflows": 55.6,
  "kg": 69167.58865772081,
  "ncol": 1700.0,
  "kg_lost": 793.9364818951632,
  "km": 4481.5201,
  "kg/km": 15.448637363470848,
  "cost": -64630.468557720815,
  "days": 31,
  "time": 194.40300991470002
 },
 "policy_look_ahead_a_emp": {
  "overflows": 20.8,
  "kg": 38158.9,
  "ncol": 3008.4,
  "kg_lost": 392.2,
  "km": 4338.1575,
  "kg/km": 8.844589563386965,
  "cost": -37704.28425,
  "days": 17.9,
  "time": 2158.9742200009
 },
 "policy_look_ahead_a_gamma1": {
  "overflows": 215.0,
  "kg": 127752.7699904893,
  "ncol": 3673.4,
  "kg_lost": 5731.746005626033,
  "km": 5561.7675,
  "kg/km": 23.015921640604308,
  "cost": -126981.5932404893,
  "days": 23.7,
  "time": 3507.8637115264
 },
 "policy_look_ahead_a_sans_emp": {
  "overflows": 25.6,
  "kg": 38482.7,
  "ncol": 3516.4,
  "kg_lost": 375.3,
  "km": 5302.271800000002,
  "kg/km": 7.391078973931959,
  "cost": -37926.872820000004,
  "days": 20.9,
  "time": 159307.939128554
 },
 "policy_look_ahead_a_sans_gamma1": {
  "overflows": 661.7,
  "kg": 114678.80986656969,
  "ncol": 4261.0,
  "kg_lost": 17261.61274167932,
  "km": 6010.9373000000005,
  "kg/km": 19.082664262082027,
  "cost": -113416.0161365697,
  "days": 30.5,
  "time": 118164.4841466061
 },
 "policy_look_ahead_a_sans_gamma2": {
  "overflows": 35.4,
  "kg": 102606.64798086318,
  "ncol": 4909.9,
  "kg_lost": 744.2127280435967,
  "km": 7382.486500000003,
  "kg/km": 13.900230228908699,
  "cost": -95188.76148086318,
  "days": 31,
  "time": 74654.3070777919
 },
 "policy_look_ahead_a_sans_gamma3": {
  "overflows": 29.8,
  "kg": 71731.57659315974,
  "ncol": 4732.0,
  "kg_lost": 527.446072003177,
  "km": 7118.0480000000025,
  "kg/km": 10.091661717733972,
  "cost": -64583.728593159736,
  "days": 31,
  "time": 87946.6824327986
 },
 "policy_look_ahead_a_vrpp_emp": {
  "overflows": 268.2,
  "kg": 34122.4,
  "ncol": 2437.2,
  "kg_lost": 2966.2,
  "km": 4980.6313,
  "kg/km": 6.857781290182569,
  "cost": -33356.13687,
  "days": 30.1,
  "time": 30247.5471278398
 },
 "policy_look_ahead_a_vrpp_gamma1": {
  "overflows": 178.8,
  "kg": 130222.04854053802,
  "ncol": 4387.3,
  "kg_lost": 3457.7316306855787,
  "km": 5945.0823,
  "kg/km": 21.926998211964708,
  "cost": -129448.74031053802,
  "days": 29.6,
  "time": 222876.6582392081
 },
 "policy_look_ahead_a_vrpp_gamma2": {
  "overflows": 61.7,
  "kg": 101508.1584974025,
  "ncol": 3922.6,
  "kg_lost": 1083.0548479097847,
  "km": 5608.2562,
  "kg/km": 18.103918778098844,
  "cost": -95838.20229740252,
  "days": 31,
  "time": 247011.13235374488
 },
 "policy_look_ahead_a_vrpp_gamma3": {
  "overflows": 69.6,
  "kg": 70083.95873347463,
  "ncol": 3287.1,
  "kg_lost": 1043.7418211437225,
  "km": 5161.3047,
  "kg/km": 13.591884477385477,
  "cost": -64853.054033474626,
  "days": 31,
  "time": -55262.6334814729
 },
 "gurobi_vrpp0.84_emp": {
  "overflows": 66.1,
  "kg": 37507.3,
  "ncol": 3230.6,
  "kg_lost": 858.4,
  "km": 6265.2417000000005,
  "kg/km": 5.995945983626594,
  "cost": -36814.67583,
  "days": 31,
  "time": -208833.87384945032
 },
 "gurobi_vrpp0.84_gamma1": {
  "overflows": 185.6,
  "kg": 128876.789120891,
  "ncol": 4609.7,
  "kg_lost": 5432.794308856892,
  "km": 7644.8853,
  "kg/km": 16.917188559930324,
  "cost": -127926.700590891,
  "days": 31,
  "time": -60547.0621059263
 },
 "gurobi_vrpp0.84_gamma2": {
  "overflows": 145.6,
  "kg": 99919.26882362003,
  "ncol": 3876.0,
  "kg_lost": 3343.0521914404817,
  "km": 7345.572999999999,
  "kg/km": 13.628180431699397,
  "cost": -92428.09582362004,
  "days": 31,
  "time": 444810.6131602057
 },
 "gurobi_vrpp0.84_gamma3": {
  "overflows": 27.8,
  "kg": 71594.51140795894,
  "ncol": 4968.3,
  "kg_lost": 511.2874248043733,
  "km": 7013.527899999999,
  "kg/km": 10.21275706975786,
  "cost": -64553.183507958944,
  "days": 31,
  "time": 392229.0611567633
 },
 "hexaly_vrpp0.84_emp": {
  "overflows": 15.7,
  "kg": 39194.2,
  "ncol": 5239.0,
  "kg_lost": 225.4,
  "km": 8181.5219,
  "kg/km": 4.791972910799294,
  "cost": -38360.34781,
  "days": 31,
  "time": 12203.7997230972
 },
 "hexaly_vrpp0.84_gamma1": {
  "overflows": 31.3,
  "kg": 133761.21030769474,
  "ncol": 5239.0,
  "kg_lost": 562.8804237853628,
  "km": 8939.681799999997,
  "kg/km": 14.97356980679658,
  "cost": -132835.94212769475,
  "days": 31,
  "time": 4555.4438488827
 },
 "hexaly_vrpp0.84_gamma2": {
  "overflows": 28.7,
  "kg": 102631.78678056538,
  "ncol": 5239.0,
  "kg_lost": 675.8767974650915,
  "km": 9237.901000000003,
  "kg/km": 11.110223507296816,
  "cost": -93365.18578056539,
  "days": 31,
  "time": 3121.8910656325
 },
 "hexaly_vrpp0.84_gamma3": {
  "overflows": 25.9,
  "kg": 71746.4117253837,
  "ncol": 5239.0,
  "kg_lost": 480.7064648745367,