{
 "last_minute_cf70_tsp_fast_tsp_gamma1": {
  "overflows": 271.4,
  "kg": 59701.084632483704,
  "ncol": 1472.6,
  "kg_lost": 1795.155488794338,
  "km": 6141.1809,
  "kg/km": 9.722432828266522,
  "cost": -53288.5037324837,
  "profit": 28706.34219998074,
  "days": 31,
  "time": 817.6078044138
 },
 "lookahead_days7_alns_custom_gamma1": {
  "overflows": 4.2,
  "kg": 63566.503091840685,
  "ncol": 4504.7,
  "kg_lost": 13.968871776903441,
  "km": 7389.555,
  "kg/km": 8.602423793681197,
  "cost": -56172.74809184069,
  "profit": 29714.21285470741,
  "days": 31,
  "time": 472.2731675456
 },
 "lookahead_days7_bcp_ortools_gamma1": {
  "overflows": 4.2,
  "kg": 63566.503091840685,
  "ncol": 4504.7,
  "kg_lost": 13.968871776903441,
  "km": 7106.317299999999,
  "kg/km": 8.945289568529368,
  "cost": -56455.985791840685,
  "profit": 29997.450554707408,
  "days": 31,
  "time": 1142.5430437269
 },
 "lookahead_days7_hgs_custom_gamma1": {
  "overflows": 4.2,
  "kg": 63566.503091840685,
  "ncol": 4504.7,
  "kg_lost": 13.968871776903441,
  "km": 7457.2653,
  "kg/km": 8.524477156861208,
  "cost": -56105.03779184069,
  "profit": 29646.50255470741,
  "days": 31,
  "time": 688.7606646345
 },
 "lookahead_days7_lkh_custom_gamma1": {
  "overflows": 4.2,
  "kg": 63566.503091840685,
  "ncol": 4504.7,
  "kg_lost": 13.968871776903441,
  "km": 7819.5368,
  "kg/km": 8.130978192778427,
  "cost": -55742.766291840686,
  "profit": 29284.23105470741,
  "days": 31,
  "time": 1009.6746180352
 },
 "lookahead_days7_sans_a_gamma1": {
  "overflows": 4.2,
  "kg": 63785.15677859709,
  "ncol": 5270.0,
  "kg_lost": 13.968871776903441,
  "km": 7912.470999999999,
  "kg/km": 8.061344778211144,
  "cost": -55868.485778597096,
  "profit": 29318.925011667125,
  "days": 31,
  "time": 81183.2850612115
 },
 "regular_lvl3_cvrp_ortools_gamma1": {
  "overflows": 834.5,
  "kg": 46859.568844861205,
  "ncol": 1360.0,
  "kg_lost": 12970.315516330234,
  "km": 11883.696699999999,
  "kg/km": 3.943180413761528,
  "cost": -34141.372144861205,
  "profit": 15468.233634745488,
  "days": 8,
  "time": 183.5355955032
 },
 "regular_lvl4_cvrp_ortools_gamma1": {
  "overflows": 1307.9,
  "kg": 44602.4602517534,
  "ncol": 1190.0,
  "kg_lost": 19196.665398620597,
  "km": 10222.943899999998,
  "kg/km": 4.36297716439133,
  "cost": -33071.6163517534,
  "profit": 15811.51214894846,
  "days": 7,
  "time": 210.3043165377
 },
 "regular_lvl5_cvrp_ortools_gamma1": {
  "overflows": 1742.6,
  "kg": 39085.431070654864,
  "ncol": 1020.0,
  "kg_lost": 24713.694579719137,
  "km": 8560.015599999999,
  "kg/km": 4.566047908109155,
  "cost": -28782.815470654863,
  "profit": 14254.15051594124,
  "days": 6,
  "time": 193.15090679909997
 },
 "lookahead_days7_vrpp_gurobi_gamma1": {
  "overflows": 12.4,
  "kg": 63518.7345212652,
  "ncol": 4546.1,
  "kg_lost": 122.23495981400248,
  "km": 41714.312199578046,
  "kg/km": 1.525829322012556,
  "cost": -21792.022321687153,
  "profit": -4638.426859515548,
  "days": 30.6,
  "time": 48677.8066471883
 },
 "means_std0.84_vrpp_gurobi_gamma1": {
  "overflows": 619.6,
  "kg": 55026.57063055359,
  "ncol": 1565.7,
  "kg_lost": 6324.094094619477,
  "km": 15861.373999971423,
  "kg/km": 3.50213760283875,
  "cost": -38545.59663058217,
  "profit": 16257.63527708271,
  "days": 20.9,
  "time": 35488.830995016804
 }
}
