{
 "lookahead_aco_hh_custom_none_emp": {
  "overflows": 7.0,
  "kg": 7360.5999999999985,
  "ncol": 717.0,
  "kg_lost": 42.275000000000006,
  "km": 1531.8600000000001,
  "kg/km": 4.805008290574856,
  "reward": 5821.739999999998,
  "profit": 2764.5222200000003,
  "time": 161.22136154600594,
  "days": 13
 },
 "lookahead_aco_hh_custom_none_gamma": {
  "overflows": 4.0,
  "kg": 19460.244533709876,
  "ncol": 1525.0,
  "kg_lost": 15.245013497063777,
  "km": 2155.598,
  "kg/km": 9.027770731699453,
  "reward": 17300.646533709878,
  "profit": 9203.346734326455,
  "time": 161.91912216199853,
  "days": 16
 },
 "lookahead_alns_custom_none_emp": {
  "overflows": 7.0,
  "kg": 7360.124999999999,
  "ncol": 729.0,
  "kg_lost": 42.275000000000006,
  "km": 1430.1150000000002,
  "kg/km": 5.146526677924501,
  "reward": 5923.009999999998,
  "profit": 2865.9899625,
  "time": 782.8032561250002,
  "days": 13
 },
 "lookahead_alns_custom_none_gamma": {
  "overflows": 4.0,
  "kg": 19433.392841129047,
  "ncol": 1451.0,
  "kg_lost": 27.240932315534142,
  "km": 1971.602,
  "kg/km": 9.856651008230386,
  "reward": 17457.79084112905,
  "profit": 9371.669401367028,
  "time": 902.4842721360037,
  "days": 15
 },
 "lookahead_bpc_custom_none_emp": {
  "overflows": 7.0,
  "kg": 7360.124999999999,
  "ncol": 736.0,
  "kg_lost": 42.275000000000006,
  "km": 1501.584,
  "kg/km": 4.901573937921554,
  "reward": 5851.540999999999,
  "profit": 2794.5209624999998,
  "time": 507.59326379000413,
  "days": 13
 },
 "lookahead_bpc_custom_none_gamma": {
  "overflows": 4.0,
  "kg": 19433.392841129047,
  "ncol": 1437.0,
  "kg_lost": 27.240932315534142,
  "km": 2056.2070000000003,
  "kg/km": 9.45108777527216,
  "reward": 17373.185841129045,
  "profit": 9287.064401367028,
  "time": 751.1152435390031,
  "days": 15
 },
 "lookahead_hgs_custom_none_emp": {
  "overflows": 7.0,
  "kg": 7364.399999999999,
  "ncol": 601.0,
  "kg_lost": 42.275000000000006,
  "km": 1331.9039999999998,
  "kg/km": 5.529227331699582,
  "reward": 6025.495999999999,
  "profit": 2966.6962799999997,
  "time": 904.9598772390018,
  "days": 12
 },
 "lookahead_hgs_custom_none_gamma": {
  "overflows": 4.0,
  "kg": 19433.392841129047,
  "ncol": 1441.0,
  "kg_lost": 27.240932315534142,
  "km": 2029.826,
  "kg/km": 9.573920543499318,
  "reward": 17399.566841129046,
  "profit": 9313.445401367027,
  "time": 1013.730524630002,
  "days": 15
 },
 "lookahead_pg_clns_custom_none_emp": {
  "overflows": 7.0,
  "kg": 7364.399999999999,
  "ncol": 734.0,
  "kg_lost": 42.275000000000006,
  "km": 1423.9470000000001,
  "kg/km": 5.17182170403814,
  "reward": 5933.452999999999,
  "profit": 2874.6532799999995,
  "time": 848.1099813450055,
  "days": 13
 },
 "lookahead_pg_clns_custom_none_gamma": {
  "overflows": 4.0,
  "kg": 19433.392841129047,
  "ncol": 1449.0,
  "kg_lost": 27.240932315534142,
  "km": 1954.847,
  "kg/km": 9.941132396105193,
  "reward": 17474.545841129046,
  "profit": 9388.424401367025,
  "time": 930.1486234729964,
  "days": 15
 },
 "lookahead_psoma_none_emp": {
  "overflows": 7.0,
  "kg": 7360.599999999999,
  "ncol": 560.0,
  "kg_lost": 46.075,
  "km": 1423.835,
  "kg/km": 5.169559675102803,
  "reward": 5929.764999999999,
  "profit": 2872.54722,
  "time": 320.45597056800034,
  "days": 13
 },
 "lookahead_psoma_none_gamma": {
  "overflows": 4.0,
  "kg": 19460.244533709876,
  "ncol": 1518.0,
  "kg_lost": 15.245013497063777,
  "km": 2161.329,
  "kg/km": 9.003832611189631,
  "reward": 17294.915533709875,
  "profit": 9197.615734326455,
  "time": 291.63730548599415,
  "days": 16
 },
 "lookahead_sans_new_none_emp": {
  "overflows": 7.0,
  "kg": 7364.399999999999,
  "ncol": 1202.0,
  "kg_lost": 42.275000000000006,
  "km": 1823.8339999999994,
  "kg/km": 4.037867481360695,
  "reward": 5533.565999999999,
  "profit": 2474.7662800000003,
  "time": 784.6840007479987,
  "days": 13
 },
 "lookahead_sans_new_none_gamma": {
  "overflows": 4.0,
  "kg": 19448.248614891403,
  "ncol": 1500.0,
  "kg_lost": 27.240932315534142,
  "km": 2179.379999999999,
  "kg/km": 8.923752909034409,
  "reward": 17264.868614891406,
  "profit": 9172.562716512117,
  "time": 903.3352973660003,
  "days": 15
 },
 "lookahead_swc_tcf_gurobi_none_emp": {
  "overflows": 7.0,
  "kg": 7364.399999999999,
  "ncol": 668.0,
  "kg_lost": 42.275000000000006,
  "km": 1459.681,
  "kg/km": 5.045211933292273,
  "reward": 5897.718999999999,
  "profit": 2838.9192800000005,
  "time": 580.0792976960001,
  "days": 13
 },
 "lookahead_swc_tcf_gurobi_none_gamma": {
  "overflows": 4.0,
  "kg": 19446.65890422652,
  "ncol": 1480.0,
  "kg_lost": 27.240932315534142,
  "km": 2066.051,
  "kg/km": 9.412477670796374,
  "reward": 17376.60790422652,
  "profit": 9284.96380239702,
  "time": 146.21515312299744,
  "days": 15
 }
}