{
 "aco_hh_custom_gamma3": {
  "overflows": 4.0,
  "kg": 19460.244533709876,
  "ncol": 1532.0,
  "kg_lost": 15.245013497063777,
  "km": 2156.6029999999996,
  "kg/km": 9.02356369424965,
  "reward": 17299.641533709877,
  "profit": 9202.341734326455,
  "time": 178.91571460799605,
  "days": 16
 },
 "alns_custom_gamma3": {
  "overflows": 4.0,
  "kg": 19433.392841129047,
  "ncol": 1451.0,
  "kg_lost": 27.240932315534142,
  "km": 1972.771,
  "kg/km": 9.850810277081855,
  "reward": 17456.621841129047,
  "profit": 9370.500401367028,
  "time": 902.7269095169904,
  "days": 15
 },
 "bpc_custom_gamma3": {
  "overflows": 4.0,
  "kg": 19433.392841129047,
  "ncol": 1437.0,
  "kg_lost": 27.240932315534142,
  "km": 2056.2070000000003,
  "kg/km": 9.45108777527216,
  "reward": 17373.185841129045,
  "profit": 9287.064401367028,
  "time": 773.2083086089988,
  "days": 15
 },
 "hgs_custom_gamma3": {
  "overflows": 4.0,
  "kg": 19433.392841129047,
  "ncol": 1435.0,
  "kg_lost": 27.240932315534142,
  "km": 2040.0549999999998,
  "kg/km": 9.525916135167458,
  "reward": 17389.337841129047,
  "profit": 9303.216401367026,
  "time": 975.9960948490043,
  "days": 15
 },
 "na_amgat_gamma3": {
  "overflows": 4.0,
  "kg": 19448.248614891403,
  "ncol": 1500.0,
  "kg_lost": 27.240932315534142,
  "km": 3971.558,
  "kg/km": 4.896881429124641,
  "reward": 15472.690614891402,
  "profit": 7380.384716512115,
  "time": 2.9935399780006264,
  "days": 15
 },
 "pg_clns_custom_gamma3": {
  "overflows": 4.0,
  "kg": 19433.392841129047,
  "ncol": 1449.0,
  "kg_lost": 27.240932315534142,
  "km": 1955.148,
  "kg/km": 9.939601933525774,
  "reward": 17474.244841129046,
  "profit": 9388.123401367026,
  "time": 946.3296148480003,
  "days": 15
 },
 "psoma_gamma3": {
  "overflows": 4.0,
  "kg": 19460.244533709876,
  "ncol": 1518.0,
  "kg_lost": 15.245013497063777,
  "km": 2161.329,
  "kg/km": 9.003832611189631,
  "reward": 17294.915533709875,
  "profit": 9197.615734326455,
  "time": 342.4870671980025,
  "days": 16
 },
 "sans_new_gamma3": {
  "overflows": 4.0,
  "kg": 19448.248614891403,
  "ncol": 1500.0,
  "kg_lost": 27.240932315534142,
  "km": 2179.379999999999,
  "kg/km": 8.923752909034409,
  "reward": 17264.868614891406,
  "profit": 9172.562716512117,
  "time": 903.8663512440107,
  "days": 15
 },
 "swc_tcf_gurobi_gamma3": {
  "overflows": 4.0,
  "kg": 19446.65890422652,
  "ncol": 1480.0,
  "kg_lost": 27.240932315534142,
  "km": 2066.051,
  "kg/km": 9.412477670796374,
  "reward": 17376.60790422652,
  "profit": 9284.96380239702,
  "time": 166.95862567599397,
  "days": 15
 }
}