{
 "last_minute_cf70_aco_hh_custom_ftsp_emp": {
  "overflows": 3.0,
  "kg": 7870.75,
  "ncol": 791.0,
  "kg_lost": 5.2250000000000005,
  "km": 2043.6960000000001,
  "kg/km": 3.851233255826698,
  "reward": 5824.054,
  "profit": 2550.460775,
  "time": 281.63085156696616,
  "days": 15
 },
 "last_minute_cf70_aco_hh_custom_ftsp_gamma": {
  "overflows": 4.0,
  "kg": 19427.18493534577,
  "ncol": 1606.0,
  "kg_lost": 27.240932315534142,
  "km": 2669.117,
  "kg/km": 7.27850631326606,
  "reward": 16754.067935345767,
  "profit": 8670.530846761325,
  "time": 308.36486713495106,
  "days": 17
 },
 "last_minute_cf70_alns_custom_ftsp_emp": {
  "overflows": 3.0,
  "kg": 7882.15,
  "ncol": 790.0,
  "kg_lost": 5.2250000000000005,
  "km": 1997.7620000000002,
  "kg/km": 3.9454900033137075,
  "reward": 5881.387999999999,
  "profit": 2603.0489549999998,
  "time": 936.0500609359588,
  "days": 15
 },
 "last_minute_cf70_alns_custom_ftsp_gamma": {
  "overflows": 4.0,
  "kg": 19433.392841129047,
  "ncol": 1627.0,
  "kg_lost": 27.240932315534142,
  "km": 2703.2030000000004,
  "kg/km": 7.1890245908757295,
  "reward": 16726.189841129046,
  "profit": 8640.068401367027,
  "time": 1063.818529283977,
  "days": 17
 },
 "last_minute_cf70_bpc_custom_ftsp_emp": {
  "overflows": 3.0,
  "kg": 7882.15,
  "ncol": 829.0,
  "kg_lost": 5.2250000000000005,
  "km": 2019.5320000000002,
  "kg/km": 3.902958705284194,
  "reward": 5859.6179999999995,
  "profit": 2581.2789549999998,
  "time": 744.0287705059745,
  "days": 15
 },
 "last_minute_cf70_bpc_custom_ftsp_gamma": {
  "overflows": 4.0,
  "kg": 19433.392841129047,
  "ncol": 1609.0,
  "kg_lost": 27.240932315534142,
  "km": 2663.032,
  "kg/km": 7.297468765350565,
  "reward": 16766.360841129048,
  "profit": 8680.239401367025,
  "time": 976.5130209400086,
  "days": 17
 },
 "last_minute_cf70_hgs_custom_ftsp_emp": {
  "overflows": 3.0,
  "kg": 7878.349999999999,
  "ncol": 620.0,
  "kg_lost": 9.025,
  "km": 1637.2939999999999,
  "kg/km": 4.81181144009567,
  "reward": 6238.056,
  "profit": 2961.298895,
  "time": 1274.701533435029,
  "days": 12
 },
 "last_minute_cf70_hgs_custom_ftsp_gamma": {
  "overflows": 4.0,
  "kg": 19430.41804824746,
  "ncol": 1438.0,
  "kg_lost": 27.861946641659536,
  "km": 2401.232,
  "kg/km": 8.091853701869482,
  "reward": 17025.18604824746,
  "profit": 8940.303014762041,
  "time": 1329.3815417800215,
  "days": 15
 },
 "last_minute_cf70_pg_clns_custom_ftsp_emp": {
  "overflows": 3.0,
  "kg": 7882.15,
  "ncol": 818.0,
  "kg_lost": 5.2250000000000005,
  "km": 2012.0099999999998,
  "kg/km": 3.9175501115799625,
  "reward": 5867.139999999999,
  "profit": 2588.800955,
  "time": 1090.0828811840038,
  "days": 15
 },
 "last_minute_cf70_pg_clns_custom_ftsp_gamma": {
  "overflows": 4.0,
  "kg": 19433.392841129047,
  "ncol": 1622.0,
  "kg_lost": 27.240932315534142,
  "km": 2690.5639999999994,
  "kg/km": 7.222795235916727,
  "reward": 16738.82884112905,
  "profit": 8652.707401367026,
  "time": 1222.4127401129808,
  "days": 17
 },
 "last_minute_cf70_psoma_ftsp_emp": {
  "overflows": 3.0,
  "kg": 7859.825,
  "ncol": 634.0,
  "kg_lost": 5.2250000000000005,
  "km": 1968.3010000000002,
  "kg/km": 3.9932027672596817,
  "reward": 5888.523999999999,
  "profit": 2619.4788525,
  "time": 576.1356513270293,
  "days": 15
 },
 "last_minute_cf70_psoma_ftsp_gamma": {
  "overflows": 4.0,
  "kg": 19448.248614891403,
  "ncol": 1622.0,
  "kg_lost": 27.240932315534142,
  "km": 2755.959,
  "kg/km": 7.056798963588139,
  "reward": 16688.289614891404,
  "profit": 8595.983716512113,
  "time": 586.7010016299901,
  "days": 17
 },
 "lookahead_sans_new_ftsp_emp": {
  "overflows": 3.0,
  "kg": 7884.999999999999,
  "ncol": 1311.0,
  "kg_lost": 9.025,
  "km": 2370.588,
  "kg/km": 3.3261789901914622,
  "reward": 5511.411999999998,
  "profit": 2231.8864999999996,
  "time": 928.3341863009846,
  "days": 15
 },
 "last_minute_cf70_swc_tcf_gurobi_ftsp_emp": {
  "overflows": 3.0,
  "kg": 7888.8,
  "ncol": 753.0,
  "kg_lost": 5.2250000000000005,
  "km": 2088.876,
  "kg/km": 3.7765764937698547,
  "reward": 5796.924,
  "profit": 2515.8165600000007,
  "time": 830.0302694739657,
  "days": 15
 },
 "last_minute_cf70_swc_tcf_gurobi_ftsp_gamma": {
  "overflows": 4.0,
  "kg": 19448.248614891403,
  "ncol": 1665.0,
  "kg_lost": 27.240932315534142,
  "km": 2805.8849999999998,
  "kg/km": 6.931235105819164,
  "reward": 16638.363614891405,
  "profit": 8546.057716512114,
  "time": 286.14952830201946,
  "days": 17
 }
}