{
 "aco_hh_custom_gamma3": {
  "overflows": 4.0,
  "kg": 19448.248614891403,
  "ncol": 1426.0,
  "kg_lost": 27.240932315534142,
  "km": 3015.3269999999998,
  "kg/km": 6.4497975227533875,
  "reward": 16428.921614891402,
  "profit": 8336.615716512113,
  "time": 191.88237563699658,
  "days": 15
 },
 "alns_custom_gamma3": {
  "overflows": 4.0,
  "kg": 19427.788167883584,
  "ncol": 1427.0,
  "kg_lost": 27.240932315534142,
  "km": 2770.4809999999998,
  "kg/km": 7.012424256973278,
  "reward": 16653.307167883584,
  "profit": 8569.51895359365,
  "time": 902.6659318239981,
  "days": 15
 },
 "bpc_custom_gamma3": {
  "overflows": 4.0,
  "kg": 19431.086459933667,
  "ncol": 1406.0,
  "kg_lost": 27.240932315534142,
  "km": 2956.8830000000003,
  "kg/km": 6.571476267384832,
  "reward": 16470.203459933666,
  "profit": 8385.042166663281,
  "time": 763.8882445070049,
  "days": 15
 },
 "hgs_custom_gamma3": {
  "overflows": 4.0,
  "kg": 19423.011005720597,
  "ncol": 1412.0,
  "kg_lost": 27.240932315534142,
  "km": 2853.469,
  "kg/km": 6.806806383991064,
  "reward": 16565.542005720596,
  "profit": 8483.742524039113,
  "time": 960.7798739829886,
  "days": 15
 },
 "pg_clns_custom_gamma3": {
  "overflows": 4.0,
  "kg": 19421.81566664815,
  "ncol": 1427.0,
  "kg_lost": 27.240932315534142,
  "km": 2757.273,
  "kg/km": 7.043849363718483,
  "reward": 16660.54266664815,
  "profit": 8579.240804622528,
  "time": 942.0734575250099,
  "days": 15
 },
 "psoma_gamma3": {
  "overflows": 4.0,
  "kg": 19448.248614891403,
  "ncol": 1423.0,
  "kg_lost": 27.240932315534142,
  "km": 2969.4979999999996,
  "kg/km": 6.549338849492879,
  "reward": 16474.750614891404,
  "profit": 8382.444716512115,
  "time": 257.37888736899185,
  "days": 15
 },
 "sans_new_gamma3": {
  "overflows": 4.0,
  "kg": 19448.248614891403,
  "ncol": 1500.0,
  "kg_lost": 27.240932315534142,
  "km": 3312.24,
  "kg/km": 5.871630260757494,
  "reward": 16132.008614891403,
  "profit": 8039.702716512113,
  "time": 903.4299092080037,
  "days": 15
 },
 "swc_tcf_gurobi_gamma3": {
  "overflows": 4.0,
  "kg": 19447.331941961478,
  "ncol": 1473.0,
  "kg_lost": 27.240932315534142,
  "km": 2959.979,
  "kg/km": 6.570091187120409,
  "reward": 16483.35294196148,
  "profit": 8391.428654522915,
  "time": 296.4385281930008,
  "days": 15
 }
}