{
 "lookahead_aco_hh_custom_ftsp_emp": {
  "overflows": 7.0,
  "kg": 7360.5999999999985,
  "ncol": 717.0,
  "kg_lost": 42.275000000000006,
  "km": 1803.6570000000002,
  "kg/km": 4.080931130475472,
  "reward": 5549.942999999998,
  "profit": 2492.7252200000003,
  "time": 130.3891059779562,
  "days": 13
 },
 "lookahead_aco_hh_custom_ftsp_gamma": {
  "overflows": 4.0,
  "kg": 19460.244533709876,
  "ncol": 1528.0,
  "kg_lost": 15.245013497063777,
  "km": 2560.625,
  "kg/km": 7.5998026004236765,
  "reward": 16895.619533709876,
  "profit": 8798.319734326455,
  "time": 193.84110257599968,
  "days": 16
 },
 "lookahead_aco_hh_custom_rls_emp": {
  "overflows": 7.0,
  "kg": 7360.5999999999985,
  "ncol": 717.0,
  "kg_lost": 42.275000000000006,
  "km": 1532.031,
  "kg/km": 4.804471972172886,
  "reward": 5821.568999999999,
  "profit": 2764.35122,
  "time": 211.28331581200473,
  "days": 13
 },
 "lookahead_aco_hh_custom_rls_gamma": {
  "overflows": 4.0,
  "kg": 19460.244533709876,
  "ncol": 1521.0,
  "kg_lost": 15.245013497063777,
  "km": 2141.078,
  "kg/km": 9.088993737598479,
  "reward": 17315.166533709875,
  "profit": 9217.866734326455,
  "time": 290.5903549019713,
  "days": 16
 },
 "lookahead_alns_custom_ftsp_emp": {
  "overflows": 7.0,
  "kg": 7360.124999999999,
  "ncol": 729.0,
  "kg_lost": 42.275000000000006,
  "km": 1780.0729999999999,
  "kg/km": 4.134732114918882,
  "reward": 5573.052,
  "profit": 2516.0319624999997,
  "time": 809.6742771520512,
  "days": 13
 },
 "lookahead_alns_custom_ftsp_gamma": {
  "overflows": 4.0,
  "kg": 19433.392841129047,
  "ncol": 1451.0,
  "kg_lost": 27.240932315534142,
  "km": 2405.8450000000003,
  "kg/km": 8.077574756947785,
  "reward": 17023.547841129046,
  "profit": 8937.426401367027,
  "time": 938.1460569670307,
  "days": 15
 },
 "lookahead_alns_custom_rls_emp": {
  "overflows": 7.0,
  "kg": 7364.399999999999,
  "ncol": 716.0,
  "kg_lost": 42.275000000000006,
  "km": 1427.631,
  "kg/km": 5.158475824635357,
  "reward": 5929.768999999998,
  "profit": 2870.9692800000003,
  "time": 783.3233240449918,
  "days": 13
 },
 "lookahead_alns_custom_rls_gamma": {
  "overflows": 4.0,
  "kg": 19433.392841129047,
  "ncol": 1452.0,
  "kg_lost": 27.240932315534142,
  "km": 1974.2479999999998,
  "kg/km": 9.843440561230935,
  "reward": 17455.144841129048,
  "profit": 9369.023401367029,
  "time": 902.537720252003,
  "days": 15
 },
 "lookahead_bpc_custom_ftsp_emp": {
  "overflows": 7.0,
  "kg": 7360.124999999999,
  "ncol": 736.0,
  "kg_lost": 42.275000000000006,
  "km": 1777.954,
  "kg/km": 4.139659968705602,
  "reward": 5575.170999999999,
  "profit": 2518.1509624999994,
  "time": 665.467121299007,
  "days": 13
 },
 "lookahead_bpc_custom_ftsp_gamma": {
  "overflows": 4.0,
  "kg": 19433.392841129047,
  "ncol": 1437.0,
  "kg_lost": 27.240932315534142,
  "km": 2406.873,
  "kg/km": 8.074124742406038,
  "reward": 17022.519841129048,
  "profit": 8936.398401367025,
  "time": 830.3659753829706,
  "days": 15
 },
 "lookahead_bpc_custom_rls_emp": {
  "overflows": 7.0,
  "kg": 7360.124999999999,
  "ncol": 736.0,
  "kg_lost": 42.275000000000006,
  "km": 1501.584,
  "kg/km": 4.901573937921554,
  "reward": 5851.540999999999,
  "profit": 2794.5209624999998,
  "time": 652.5475008150097,
  "days": 13
 },
 "lookahead_bpc_custom_rls_gamma": {
  "overflows": 4.0,
  "kg": 19433.392841129047,
  "ncol": 1437.0,
  "kg_lost": 27.240932315534142,
  "km": 2056.2070000000003,
  "kg/km": 9.45108777527216,
  "reward": 17373.185841129045,
  "profit": 9287.064401367028,
  "time": 801.6695818359731,
  "days": 15
 },
 "lookahead_hgs_custom_ftsp_emp": {
  "overflows": 7.0,
  "kg": 7364.399999999999,
  "ncol": 604.0,
  "kg_lost": 42.275000000000006,
  "km": 1653.4660000000003,
  "kg/km": 4.453916802643657,
  "reward": 5703.933999999998,
  "profit": 2645.13428,
  "time": 841.9084215820185,
  "days": 12
 },
 "lookahead_hgs_custom_ftsp_gamma": {
  "overflows": 4.0,
  "kg": 19433.392841129047,
  "ncol": 1439.0,
  "kg_lost": 27.240932315534142,
  "km": 2399.4579999999996,
  "kg/km": 8.09907605848031,
  "reward": 17029.93484112905,
  "profit": 8943.813401367028,
  "time": 976.3536854920094,
  "days": 15
 },
 "lookahead_hgs_custom_rls_emp": {
  "overflows": 7.0,
  "kg": 7364.399999999999,
  "ncol": 596.0,
  "kg_lost": 42.275000000000006,
  "km": 1334.742,
  "kg/km": 5.517470792108137,
  "reward": 6022.6579999999985,
  "profit": 2963.8582799999995,
  "time": 827.7947711320012,
  "days": 12
 },
 "lookahead_hgs_custom_rls_gamma": {
  "overflows": 4.0,
  "kg": 19433.392841129047,
  "ncol": 1436.0,
  "kg_lost": 27.240932315534142,
  "km": 2043.0369999999998,
  "kg/km": 9.51201218633292,
  "reward": 17386.355841129047,
  "profit": 9300.234401367026,
  "time": 998.7806350970059,
  "days": 15
 },
 "lookahead_pg_clns_custom_ftsp_emp": {
  "overflows": 7.0,
  "kg": 7364.399999999999,
  "ncol": 740.0,
  "kg_lost": 42.275000000000006,
  "km": 1789.658,
  "kg/km": 4.114976157455781,
  "reward": 5567.741999999998,
  "profit": 2508.9422799999998,
  "time": 917.7411133819842,
  "days": 13
 },
 "lookahead_pg_clns_custom_ftsp_gamma": {
  "overflows": 4.0,
  "kg": 19433.392841129047,
  "ncol": 1450.0,
  "kg_lost": 27.240932315534142,
  "km": 2411.646,
  "kg/km": 8.058144869159506,
  "reward": 17017.746841129047,
  "profit": 8931.625401367026,
  "time": 1055.6396556969848,
  "days": 15
 },
 "lookahead_pg_clns_custom_rls_emp": {
  "overflows": 7.0,
  "kg": 7364.399999999999,
  "ncol": 743.0,
  "kg_lost": 42.275000000000006,
  "km": 1424.364,
  "kg/km": 5.170307589913813,
  "reward": 5933.035999999998,
  "profit": 2874.23628,
  "time": 922.9374099969864,
  "days": 13
 },
 "lookahead_pg_clns_custom_rls_gamma": {
  "overflows": 4.0,
  "kg": 19433.392841129047,
  "ncol": 1450.0,
  "kg_lost": 27.240932315534142,
  "km": 1956.8029999999999,
  "kg/km": 9.93119534318429,
  "reward": 17472.589841129047,
  "profit": 9386.468401367027,
  "time": 1014.263862821972,
  "days": 15
 },
 "lookahead_psoma_ftsp_emp": {
  "overflows": 7.0,
  "kg": 7360.599999999999,
  "ncol": 560.0,
  "kg_lost": 46.075,
  "km": 1681.0080000000003,
  "kg/km": 4.37868231442087,
  "reward": 5672.591999999999,
  "profit": 2615.37422,
  "time": 228.87160140601918,
  "days": 13
 },
 "lookahead_psoma_ftsp_gamma": {
  "overflows": 4.0,
  "kg": 19460.244533709876,
  "ncol": 1518.0,
  "kg_lost": 15.245013497063777,
  "km": 2569.405,
  "kg/km": 7.573833060070279,
  "reward": 16886.839533709877,
  "profit": 8789.539734326456,
  "time": 259.0372933559702,
  "days": 16
 },
 "lookahead_psoma_rls_emp": {
  "overflows": 7.0,
  "kg": 7360.599999999999,
  "ncol": 560.0,
  "kg_lost": 46.075,
  "km": 1423.835,
  "kg/km": 5.169559675102803,
  "reward": 5929.764999999999,
  "profit": 2872.54722,
  "time": 482.7268163440167,
  "days": 13
 },
 "lookahead_psoma_rls_gamma": {
  "overflows": 4.0,
  "kg": 19460.244533709876,
  "ncol": 1518.0,
  "kg_lost": 15.245013497063777,
  "km": 2161.329,
  "kg/km": 9.003832611189631,
  "reward": 17294.915533709875,
  "profit": 9197.615734326455,
  "time": 539.6663461810094,
  "days": 16
 },
 "lookahead_sans_new_ftsp_emp": {
  "overflows": 7.0,
  "kg": 7364.399999999999,
  "ncol": 1202.0,
  "kg_lost": 42.275000000000006,
  "km": 2127.0760000000005,
  "kg/km": 3.4622176170480023,
  "reward": 5230.323999999999,
  "profit": 2171.5242799999996,
  "time": 810.07812314498,
  "days": 13
 },
 "lookahead_sans_new_ftsp_gamma": {
  "overflows": 4.0,
  "kg": 19448.248614891403,
  "ncol": 1500.0,
  "kg_lost": 27.240932315534142,
  "km": 2536.26,
  "kg/km": 7.6680815905669775,
  "reward": 16907.9886148914,
  "profit": 8815.682716512114,
  "time": 942.3547451570048,
  "days": 15
 },
 "lookahead_sans_new_rls_ftsp_emp": {
  "overflows": 7.0,
  "kg": 7364.399999999999,
  "ncol": 1202.0,
  "kg_lost": 42.275000000000006,
  "km": 1823.8339999999994,
  "kg/km": 4.037867481360695,
  "reward": 5533.565999999999,
  "profit": 2474.7662800000003,
  "time": 783.839248414035,
  "days": 13
 },
 "lookahead_sans_new_rls_ftsp_gamma": {
  "overflows": 4.0,