{
 "last_minute_cf70_tsp_fast_tsp_gamma1": {
  "overflows": 152.0,
  "kg": 34122.4402324013,
  "ncol": 842.0,
  "kg_lost": 1037.7007130018028,
  "km": 5237.48,
  "kg/km": 6.515049266517734,
  "cost": -28732.9602324013,
  "profit": 14679.788363652631,
  "time": 1681.363297434,
  "days": 30
 },
 "last_minute_cf70_tsp_fast_tsp_gamma3": {
  "overflows": 25.0,
  "kg": 18185.368515093873,
  "ncol": 475.0,
  "kg_lost": 95.09730297468734,
  "km": 4282.499,
  "kg/km": 4.246438473212457,
  "cost": -13877.869515093873,
  "profit": 6332.300602260296,
  "time": 482.252710743,
  "days": 29
 },
 "lookahead_alns_custom_gamma1": {
  "overflows": 1.0,
  "kg": 36510.82732893348,
  "ncol": 2937.0,
  "kg_lost": 0.0,
  "km": 5707.009,
  "kg/km": 6.397541571939606,
  "cost": -30802.818328933485,
  "profit": 15604.360911898475,
  "time": 942.162270398,
  "days": 30
 },
 "lookahead_alns_custom_gamma3": {
  "overflows": 3.0,
  "kg": 18381.699865837483,
  "ncol": 1317.0,
  "kg_lost": 15.351513164782103,
  "km": 2548.4350000000004,
  "kg/km": 7.212936514306812,
  "cost": -15830.264865837482,
  "profit": 8180.963211689338,
  "time": 441.872022262,
  "days": 14
 },
 "lookahead_hgs_custom_gamma1": {
  "overflows": 1.0,
  "kg": 36522.06807501576,
  "ncol": 2877.0,
  "kg_lost": 0.0,
  "km": 6151.391,
  "kg/km": 5.9372047842538,
  "cost": -30369.677075015763,
  "profit": 15166.540135386704,
  "time": 295.891631651,
  "days": 30
 },
 "lookahead_hgs_custom_gamma3": {
  "overflows": 6.0,
  "kg": 18360.841640916846,
  "ncol": 1316.0,
  "kg_lost": 37.940635995595,
  "km": 3019.866,
  "kg/km": 6.080018663383357,
  "cost": -15334.975640916846,
  "profit": 7697.357265803162,
  "time": 148.654888812,
  "days": 16
 },
 "lookahead_hh_aco_custom_gamma1": {
  "overflows": 8.0,
  "kg": 36303.335844412715,
  "ncol": 2565.0,
  "kg_lost": 64.88171103279171,
  "km": 5116.3989999999985,
  "kg/km": 7.095485681318585,
  "cost": -31178.936844412718,
  "profit": 16073.858132383704,
  "time": 1157.3051417299998,
  "days": 30
 },
 "lookahead_hh_aco_custom_gamma3": {
  "overflows": 6.0,
  "kg": 18328.740771308585,
  "ncol": 1333.0,
  "kg_lost": 15.736319208694963,
  "km": 2742.5580000000004,
  "kg/km": 6.683082279867402,
  "cost": -15580.182771308584,
  "profit": 7955.92798821282,
  "time": 597.968623077,
  "days": 16
 },
 "lookahead_hvpl_custom_gamma1": {
  "overflows": 1.0,
  "kg": 36498.49237320156,
  "ncol": 2936.0,
  "kg_lost": 0.0,
  "km": 5681.950999999999,
  "kg/km": 6.423584499972204,
  "cost": -30815.54137320156,
  "profit": 15622.218998237746,
  "time": 1843.182249474,
  "days": 30
 },
 "lookahead_hvpl_custom_gamma3": {
  "overflows": 2.0,
  "kg": 18391.371266225677,
  "ncol": 1336.0,
  "kg_lost": 5.68011277658657,
  "km": 2579.1960000000004,
  "kg/km": 7.130660588115705,
  "cost": -15810.175266225677,
  "profit": 8155.847408095926,
  "time": 865.2690503639999,
  "days": 14
 },
 "lookahead_ks_aco_custom_gamma1": {
  "overflows": 8.0,
  "kg": 36303.335844412715,
  "ncol": 2565.0,
  "kg_lost": 64.88171103279171,
  "km": 5116.3989999999985,
  "kg/km": 7.095485681318585,
  "cost": -31178.936844412718,
  "profit": 16073.858132383704,
  "time": 1128.164495749,
  "days": 30
 },
 "lookahead_ks_aco_custom_gamma3": {
  "overflows": 6.0,
  "kg": 18328.740771308585,
  "ncol": 1333.0,
  "kg_lost": 15.736319208694963,
  "km": 2742.5580000000004,
  "kg/km": 6.683082279867402,
  "cost": -15580.182771308584,
  "profit": 7955.92798821282,
  "time": 593.946040983,
  "days": 16
 },
 "lookahead_sans_new_gamma1": {
  "overflows": 1.0,
  "kg": 36522.06807501576,
  "ncol": 3000.0,
  "kg_lost": 0.0,
  "km": 6624.4800000000005,
  "kg/km": 5.513197726465437,
  "cost": -29896.588075015763,
  "profit": 14693.4511353867,
  "time": 1803.842844897,
  "days": 30
 },
 "lookahead_sans_new_gamma3": {
  "overflows": 2.0,
  "kg": 18401.150009630368,
  "ncol": 1400.0,
  "kg_lost": 5.68011277658657,
  "km": 3091.424000000002,
  "kg/km": 5.95232165164997,
  "cost": -15307.726009630365,
  "profit": 7649.327260621243,
  "time": 842.697259926,
  "days": 14
 },
 "lookahead_sisr_custom_gamma1": {
  "overflows": 122.0,
  "kg": 34556.10675158743,
  "ncol": 875.0,
  "kg_lost": 503.31866151306195,
  "km": 4489.014999999999,
  "kg/km": 7.697926327175881,
  "cost": -29945.09175158743,
  "profit": 15681.384510901587,
  "time": 147.03086241900002,
  "days": 30
 },
 "lookahead_sisr_custom_gamma3": {
  "overflows": 12.0,
  "kg": 17742.156898208385,
  "ncol": 722.0,
  "kg_lost": 39.73225370742299,
  "km": 3216.0289999999995,
  "kg/km": 5.51679008435819,
  "cost": -14514.127898208386,
  "profit": 7140.067981484232,
  "time": 100.523363437,
  "days": 21
 },
 "regular_lvl3_cvrp_ortools_gamma1": {
  "overflows": 311.0,
  "kg": 29689.57692370347,
  "ncol": 1000.0,
  "kg_lost": 4511.626526986699,
  "km": 2022.2600000000002,
  "kg/km": 14.681384650689559,
  "cost": -27356.316923703467,
  "profit": 15307.546050365714,
  "time": 602.1144316059999,
  "days": 10
 },
 "regular_lvl3_cvrp_ortools_gamma3": {
  "overflows": 27.0,
  "kg": 18253.75547017363,
  "ncol": 1000.0,
  "kg_lost": 153.0746522333222,
  "km": 2022.2600000000002,
  "kg/km": 9.026413750048771,
  "cost": -16204.49547017363,
  "profit": 8632.457067940348,
  "time": 601.983701139,
  "days": 10
 },
 "regular_lvl4_cvrp_ortools_gamma1": {
  "overflows": 518.0,
  "kg": 27668.972976466797,
  "ncol": 800.0,
  "kg_lost": 7709.793074206322,
  "km": 2109.324,
  "kg/km": 13.117459895429434,
  "cost": -25041.648976466797,
  "profit": 14041.055526363667,
  "time": 481.91971832,
  "days": 8
 },
 "regular_lvl4_cvrp_ortools_gamma3": {
  "overflows": 84.0,
  "kg": 18479.16322866854,
  "ncol": 800.0,
  "kg_lost": 602.3410523842416,
  "km": 1617.808,
  "kg/km": 11.422346303559225,
  "cost": -16777.35522866854,
  "profit": 9168.47957657383,
  "time": 481.875925144,
  "days": 8
 },
 "regular_lvl5_cvrp_ortools_gamma1": {
  "overflows": 725.0,
  "kg": 22062.91831186529,
  "ncol": 600.0,
  "kg_lost": 10715.74602206865,
  "km": 1560.8519999999999,
  "kg/km": 14.135176372817726,
  "cost": -19777.066311865292,
  "profit": 11317.273418635767,
  "time": 361.689655507,
  "days": 6
 },
 "regular_lvl5_cvrp_ortools_gamma3": {
  "overflows": 183.0,
  "kg": 15631.475240520356,
  "ncol": 600.0,
  "kg_lost": 1482.0969547731906,
  "km": 1213.356,
  "kg/km": 12.882843320938255,
  "cost": -14235.119240520356,
  "profit": 7910.736097891731,
  "time": 361.701693756,
  "days": 6
 },
 "lookahead_vrpp_gurobi_gamma1": {
  "overflows": 1.0,
  "kg": 36479.21377799369,
  "ncol": 2682.0,
  "kg_lost": 0.0,
  "km": 5627.569000000001,
  "kg/km": 6.4822330526722425,
  "cost": -30850.644777993686,
  "profit": 15665.348082214918,
  "time": 1969.5397503919999,
  "days": 30
 },
 "lookahead_vrpp_gurobi_gamma3": {
  "overflows": 2.0,
  "kg": 18351.66574585665,
  "ncol": 1129.0,
  "kg_lost": 5.68011277658657,
  "km": 2543.3960000000006,
  "kg/km": 7.215418183348817,
  "cost": -15806.26974585665,
  "profit": 8168.471295856528,
  "time": 611.165009819,
  "days": 14
 }
}