{
 "aco_hh_custom_emp": {
  "overflows": 7.0,
  "kg": 7360.5999999999985,
  "ncol": 717.0,
  "kg_lost": 42.275000000000006,
  "km": 1534.7939999999999,
  "kg/km": 4.79582276188205,
  "reward": 5818.805999999999,
  "profit": 2761.58822,
  "time": 173.90282461800962,
  "days": 13
 },
 "aco_hh_custom_gamma3": {
  "overflows": 4.0,
  "kg": 19460.244533709876,
  "ncol": 1521.0,
  "kg_lost": 15.245013497063777,
  "km": 2162.692,
  "kg/km": 8.998158098198854,
  "reward": 17293.552533709877,
  "profit": 9196.252734326454,
  "time": 149.77084030599508,
  "days": 16
 },
 "alns_custom_emp": {
  "overflows": 7.0,
  "kg": 7360.124999999999,
  "ncol": 731.0,
  "kg_lost": 42.275000000000006,
  "km": 1430.1140000000003,
  "kg/km": 5.146530276607318,
  "reward": 5923.010999999999,
  "profit": 2865.9909625,
  "time": 782.9186962659878,
  "days": 13
 },
 "alns_custom_gamma3": {
  "overflows": 4.0,
  "kg": 19433.392841129047,
  "ncol": 1451.0,
  "kg_lost": 27.240932315534142,
  "km": 1971.3039999999999,
  "kg/km": 9.858141028034767,
  "reward": 17458.088841129047,
  "profit": 9371.967401367026,
  "time": 901.9921184270061,
  "days": 15
 },
 "bpc_custom_emp": {
  "overflows": 7.0,
  "kg": 7360.124999999999,
  "ncol": 736.0,
  "kg_lost": 42.275000000000006,
  "km": 1501.584,
  "kg/km": 4.901573937921554,
  "reward": 5851.540999999999,
  "profit": 2794.5209624999998,
  "time": 516.6716122009966,
  "days": 13
 },
 "bpc_custom_gamma3": {
  "overflows": 4.0,
  "kg": 19433.392841129047,
  "ncol": 1437.0,
  "kg_lost": 27.240932315534142,
  "km": 2056.2070000000003,
  "kg/km": 9.45108777527216,
  "reward": 17373.185841129045,
  "profit": 9287.064401367028,
  "time": 750.3911974240036,
  "days": 15
 },
 "hgs_custom_emp": {
  "overflows": 7.0,
  "kg": 7364.399999999999,
  "ncol": 602.0,
  "kg_lost": 42.275000000000006,
  "km": 1332.61,
  "kg/km": 5.526298016674045,
  "reward": 6024.789999999999,
  "profit": 2965.9902800000004,
  "time": 912.0462218139874,
  "days": 12
 },
 "hgs_custom_gamma3": {
  "overflows": 4.0,
  "kg": 19433.392841129047,
  "ncol": 1439.0,
  "kg_lost": 27.240932315534142,
  "km": 2023.5299999999997,
  "kg/km": 9.603708786689127,
  "reward": 17405.86284112905,
  "profit": 9319.741401367026,
  "time": 971.1520850160014,
  "days": 15
 },
 "pg_clns_custom_emp": {
  "overflows": 7.0,
  "kg": 7364.399999999999,
  "ncol": 734.0,
  "kg_lost": 42.275000000000006,
  "km": 1423.9470000000001,
  "kg/km": 5.17182170403814,
  "reward": 5933.452999999999,
  "profit": 2874.6532799999995,
  "time": 858.0519065469998,
  "days": 13
 },
 "pg_clns_custom_gamma3": {
  "overflows": 4.0,
  "kg": 19433.392841129047,
  "ncol": 1449.0,
  "kg_lost": 27.240932315534142,
  "km": 1954.8239999999998,
  "kg/km": 9.941249361133815,
  "reward": 17474.568841129047,
  "profit": 9388.447401367026,
  "time": 922.4860393600102,
  "days": 15
 },
 "psoma_emp": {
  "overflows": 7.0,
  "kg": 7360.599999999999,
  "ncol": 560.0,
  "kg_lost": 46.075,
  "km": 1423.835,
  "kg/km": 5.169559675102803,
  "reward": 5929.764999999999,
  "profit": 2872.54722,
  "time": 349.1826866749907,
  "days": 13
 },
 "psoma_gamma3": {
  "overflows": 4.0,
  "kg": 19460.244533709876,
  "ncol": 1518.0,
  "kg_lost": 15.245013497063777,
  "km": 2161.329,
  "kg/km": 9.003832611189631,
  "reward": 17294.915533709875,
  "profit": 9197.615734326455,
  "time": 289.8003607980063,
  "days": 16
 },
 "sans_new_emp": {
  "overflows": 7.0,
  "kg": 7364.399999999999,
  "ncol": 1202.0,
  "kg_lost": 42.275000000000006,
  "km": 1823.8339999999994,
  "kg/km": 4.037867481360695,
  "reward": 5533.565999999999,
  "profit": 2474.7662800000003,
  "time": 784.281828133011,
  "days": 13
 },
 "sans_new_gamma3": {
  "overflows": 4.0,
  "kg": 19448.248614891403,
  "ncol": 1500.0,
  "kg_lost": 27.240932315534142,
  "km": 2179.379999999999,
  "kg/km": 8.923752909034409,
  "reward": 17264.868614891406,
  "profit": 9172.562716512117,
  "time": 902.8055374760006,
  "days": 15
 },
 "swc_tcf_gurobi_emp": {
  "overflows": 7.0,
  "kg": 7364.399999999999,
  "ncol": 668.0,
  "kg_lost": 42.275000000000006,
  "km": 1459.681,
  "kg/km": 5.045211933292273,
  "reward": 5897.718999999999,
  "profit": 2838.9192800000005,
  "time": 590.8813604500028,
  "days": 13
 },
 "swc_tcf_gurobi_gamma3": {
  "overflows": 4.0,
  "kg": 19446.65890422652,
  "ncol": 1480.0,
  "kg_lost": 27.240932315534142,
  "km": 2066.051,
  "kg/km": 9.412477670796374,
  "reward": 17376.60790422652,
  "profit": 9284.96380239702,
  "time": 148.9066779440036,
  "days": 15
 }
}