{
 "policy_look_ahead_a_vrpp": {
  "day": [
   1,
   2,
   3,
   4,
   5,
   6,
   7,
   8,
   9,
   10,
   11,
   12,
   13,
   14,
   15,
   16,
   17,
   18,
   19,
   20,
   21,
   22,
   23,
   24,
   25,
   26,
   27,
   28,
   29,
   30
  ],
  "overflows": [
   0,
   4,
   0,
   0,
   1,
   0,
   0,
   0,
   0,
   0,
   0,
   1,
   0,
   0,
   0,
   0,
   0,
   0,
   5,
   0,
   0,
   0,
   0,
   0,
   4,
   5,
   0,
   0,
   0,
   1
  ],
  "kg": [
   0,
   2707.5,
   0,
   0,
   827.4500000000002,
   0,
   0,
   0,
   0,
   0,
   0,
   1633.5249999999999,
   0,
   0,
   0,
   0,
   0,
   0,
   1804.05,
   0,
   0,
   0,
   0,
   0,
   0,
   1935.15,
   0,
   0,
   0,
   0
  ],
  "ncol": [
   0,
   102,
   0,
   0,
   86,
   0,
   0,
   0,
   0,
   0,
   0,
   95,
   0,
   0,
   0,
   0,
   0,
   0,
   97,
   0,
   0,
   0,
   0,
   0,
   0,
   98,
   0,
   0,
   0,
   0
  ],
  "kg_lost": [
   0.0,
   18.05,
   0.0,
   0.0,
   30.400000000000002,
   0.0,
   0.0,
   0.0,
   0.0,
   0.0,
   0.0,
   5.2250000000000005,
   0.0,
   0.0,
   0.0,
   0.0,
   0.0,
   0.0,
   52.25,
   0.0,
   0.0,
   0.0,
   0.0,
   0.0,
   56.05000000000001,
   13.775,
   0.0,
   0.0,
   0.0,
   30.400000000000002
  ],
  "km": [
   0,
   199.293,
   0,
   0,
   170.18,
   0,
   0,
   0,
   0,
   0,
   0,
   192.13700000000003,
   0,
   0,
   0,
   0,
   0,
   0,
   187.222,
   0,
   0,
   0,
   0,
   0,
   0,
   190.79600000000002,
   0,
   0,
   0,
   0
  ],
  "kg/km": [
   0,
   13.585524830275022,
   0,
   0,
   4.86220472440945,
   0,
   0,
   0,
   0,
   0,
   0,
   8.501876265373143,
   0,
   0,
   0,
   0,
   0,
   0,
   9.635886808174252,
   0,
   0,
   0,
   0,
   0,
   0,
   10.142508228684038,
   0,
   0,
   0,
   0
  ],
  "cost": [
   0,
   -2504.207,
   0,
   0,
   -656.2700000000002,
   0,
   0,
   0,
   0,
   0,
   0,
   -1440.388,
   0,
   0,
   0,
   0,
   0,
   0,
   -1611.828,
   0,
   0,
   0,
   0,
   0,
   4,
   -1739.354,
   0,
   0,
   0,
   1
  ],
  "profit": [
   0,
   1381.0747499999998,
   0,
   0,
   312.80256499999996,
   0,
   0,
   0,
   0,
   0,
   0,
   761.3515424999999,
   0,
   0,
   0,
   0,
   0,
   0,
   865.8019850000001,
   0,
   0,
   0,
   0,
   0,
   0,
   938.751055,
   0,
   0,
   0,
   0
  ],
  "tour": [
   [
    0
   ],
   [
    0,
    11802,
    6228,
    11554,
    1171,
    13633,
    11922,
    11811,
    11838,
    22056,
    11824,
    12344,
    5752,
    17956,
    11789,
    754,
    11790,
    192,
    12462,
    995,
    11808,
    7445,
    11813,
    5977,
    11213,
    13579,
    991,
    11821,
    11829,
    11860,
    11781,
    11835,
    1655,
    11989,
    1173,
    11983,
    6092,
    5933,
    5931,
    3224,
    11883,
    11571,
    904,
    3315,
    5938,
    787,
    11800,
    18741,
    10835,
    11992,
    1459,
    12216,
    11986,
    17812,
    11562,
    12482,
    11565,
    12674,
    12036,
    5730,
    11827,
    6240,
    3317,
    18139,
    12290,
    11558,
    12291,
    892,
    6911,
    11555,
    1621,
    11782,
    16540,
    1410,
    1298,
    13138,
    6225,
    16825,
    11806,
    13081,
    5815,
    7245,
    11798,
    11862,
    11774,
    197,
    11842,
    11773,
    10799,
    22050,
    1172,
    6046,
    11807,
    629,
    16176,
    6904,
    18141,
    7733,
    11873,
    1610,
    11817,
    1606,
    7702,
    0
   ],
   [
    0
   ],
   [
    0
   ],
   [
    0,
    7702,
    1606,
    11817,
    1610,
    11873,
    7733,
    18141,
    6904,
    16176,
    629,
    11807,
    6046,
    1172,
    22050,
    10799,
    11773,
    11842,
    197,
    11774,
    11862,
    11798,
    7245,
    6237,
    5815,
    13081,
    192,
    11790,
    754,
    11789,
    22056,
    12344,
    5752,
    17956,
    12462,
    995,
    11808,
    7445,
    11813,
    991,
    11821,
    1655,
    11989,
    11860,
    11835,
    11781,
    12036,
    12674,
    5730,
    11827,
    5673,
    3317,
    18139,
    12290,
    11558,
    6911,
    11555,
    1298,
    13138,
    6225,
    16540,
    11782,
    13579,
    11213,
    5933,
    5931,
    6092,
    1173,
    11983,
    11571,
    904,
    3315,
    3224,
    11883,
    5938,
    787,
    11992,
    1459,
    12216,
    11986,
    17812,
    11800,
    11922,
    13633,
    11811,
    1171,
    11802,
    0
   ],
   [
    0
   ],
   [
    0
   ],
   [
    0
   ],
   [
    0
   ],
   [
    0
   ],
   [
    0
   ],
   [
    0,
    11802,
    6228,
    11554,
    1171,
    11922,
    13633,
    11811,
    11838,
    22056,
    11824,
    12344,
    5752,
    17956,
    11789,
    754,
    11790,
    192,
    12462,
    995,
    11808,
    7445,
    11813,
    5977,
    11213,
    991,
    11821,
    11860,
    1655,
    11989,
    1173,
    11983,
    6092,
    5933,
    5931,
    3224,
    11883,
    11571,
    904,
    3315,
    5938,
    787,
    11800,
    18741,
    11992,
    1459,
    12216,
    11986,
    17812,
    11562,
    12482,
    11565,
    12674,
    12036,
    6240,
    3317,
    18139,
    12290,
    11558,
    12291,
    892,
    6911,
    11555,
    5673,
    11827,
    1621,
    16540,
    1410,
    1298,
    13138,
    6225,
    16825,
    11806,
    13081,
    5815,
    6237,
    7245,
    11798,
    11862,
    11774,
    11842,
    10799,
    22050,
    1172,
    6046,
    11807,
    629,
    16176,
    6904,
    18141,
    7733,
    11873,
    1610,
    11817,
    1606,
    7702,
    0
   ],
   [
    0
   ],
   [
    0
   ],
   [
    0
   ],
   [
    0
   ],
   [
    0
   ],
   [
    0
   ],
   [
    0,
    11802,
    6228,
    11554,
    1171,
    11922,
    13633,
    11811,
    11838,
    22056,
    11824,
    12344,
    5752,
    17956,
    11789,
    754,
    11790,
    192,
    12462,
    995,
    11808,
    7445,
    11813,
    5977,
    991,
    11821,
    1655,
    11989,
    11860,
    11835,
    11781,
    5730,
    11827,
    5673,
    892,
    6911,
    11558,
    12290,
    18139,
    3317,
    6240,
    12036,
    12674,
    12482,
    17812,
    11986,
    12216,
    1459,
    11992,
    11800,
    10835,
    787,
    3224,
    11883,
    6092,
    1173,
    11983,
    5933,
    5931,
    11571,
    904,
    3315,
    5938,
    11213,
    13579,
    11782,
    16540,
    1621,
    1410,
    13138,
    6225,
    16825,
    11806,
    13081,
    5815,
    6237,
    7245,
    11798,
    11862,
    11774,
    197,
    11842,
    11773,
    10799,
    22050,
    1172,
    6046,
    11807,
    629,
    16176,
    6904,
    18141,
    7733,
    11873,
    1610,
    11817,
    1606,
    7702,
    0
   ],
   [
    0
   ],
   [
    0
   ],
   [
    0
   ],
   [
    0
   ],
   [
    0
   ],
   [
    0
   ],
   [
    0,
    11802,
    6228,
    1171,
    13633,
    11922,
    11811,
    11838,
    22056,
    11824,
    12344,
    5752,
    17956,
    11789,
    754,
    11790,
    192,
    12462,
    995,
    11808,
    7445,
    11813,
    5977,
    13579,
    11213,
    991,
    11821,
    11860,
    11781,
    11835,
    1655,
    11989,
    1173,
    11983,
    6092,
    5933,
    5931,
    3224,
    11883,
    11571,
    904,
    3315,
    5938,
    787,
    10835,
    11800,
    11992,
    1459,
    12216,
    11986,
    17812,
    11562,
    12482,
    12674,
    12036,
    6240,
    3317,
    18139,
    12290,
    11558,
    12291,
    892,
    6911,
    11555,
    5673,
    11827,
    1621,
    16540,
    11782,
    1410,
    1298,
    13138,
    6225,
    16825,
    11806,
    13081,
    5815,
    6237,
    7245,
    11798,
    11862,
    11774,
    11842,
    11773,
    10799,
    22050,
    1172,
    6046,
    11807,
    629,
    16176,
    6904,
    18141,
    7733,
    11873,
    1610,
    11817,
    1606,
    7702,
    0
   ],
   [
    0
   ],
   [
    0
   ],
   [
    0
   ],
   [
    0
   ]
  ]
 }
}