{
 "last_minute_cf70_tsp_fast_tsp_emp": {
  "overflows": 0.0,
  "kg": 10105.15,
  "ncol": 1560.0,
  "kg_lost": 0.0,
  "km": 3940.4699999999984,
  "kg/km": 2.5644529713460584,
  "cost": -6164.680000000001,
  "profit": 1957.9060550000002,
  "days": 15,
  "time": 901.144420687
 },
 "lookahead_alns_custom_emp": {
  "overflows": 13.0,
  "kg": 9746.525,
  "ncol": 460.0,
  "kg_lost": 130.625,
  "km": 1467.6100000000001,
  "kg/km": 6.64108652843739,
  "cost": -8265.914999999999,
  "profit": 4221.4366425,
  "days": 9,
  "time": 116.762801323
 },
 "lookahead_hgs_custom_emp": {
  "overflows": 11.0,
  "kg": 9382.675,
  "ncol": 596.0,
  "kg_lost": 137.27500000000003,
  "km": 1194.478,
  "kg/km": 7.855042118816754,
  "cost": -8177.196999999999,
  "profit": 4282.1893975,
  "days": 6,
  "time": 364.09245121299995
 },
 "lookahead_hh_aco_custom_emp": {
  "overflows": 8.0,
  "kg": 9313.324999999999,
  "ncol": 535.0,
  "kg_lost": 64.125,
  "km": 1147.265,
  "kg/km": 8.117849842887212,
  "cost": -8158.059999999999,
  "profit": 4288.922802499999,
  "days": 7,
  "time": 239.811719791
 },
 "lookahead_hvpl_custom_emp": {
  "overflows": 11.0,
  "kg": 9306.675,
  "ncol": 478.0,
  "kg_lost": 137.27500000000003,
  "km": 1092.301,
  "kg/km": 8.520247624052345,
  "cost": -8203.374,
  "profit": 4340.0051975,
  "days": 6,
  "time": 796.819794883
 },
 "lookahead_ks_aco_custom_emp": {
  "overflows": 8.0,
  "kg": 9320.45,
  "ncol": 532.0,
  "kg_lost": 64.125,
  "km": 1159.6090000000002,
  "kg/km": 8.037579908400158,
  "cost": -8152.841,
  "profit": 4280.737664999999,
  "days": 7,
  "time": 247.14774752300002
 },
 "lookahead_sans_new_emp": {
  "overflows": 11.0,
  "kg": 9382.675,
  "ncol": 624.0,
  "kg_lost": 137.27500000000003,
  "km": 1308.3599999999997,
  "kg/km": 7.171325170442387,
  "cost": -8063.315,
  "profit": 4168.3073975,
  "days": 6,
  "time": 16.586583027
 },
 "lookahead_sisr_custom_emp": {
  "overflows": 11.0,
  "kg": 9382.675,
  "ncol": 624.0,
  "kg_lost": 137.27500000000003,
  "km": 1226.614,
  "kg/km": 7.649248255767502,
  "cost": -8145.061,
  "profit": 4250.0533975,
  "days": 6,
  "time": 9.545127961
 },
 "regular_lvl3_cvrp_ortools_emp": {
  "overflows": 12.0,
  "kg": 10018.225,
  "ncol": 1040.0,
  "kg_lost": 86.92500000000001,
  "km": 2029.949,
  "kg/km": 4.935210194935932,
  "cost": -7976.276,
  "profit": 3817.6889324999993,
  "days": 10,
  "time": 601.9437665109999
 },
 "regular_lvl4_cvrp_ortools_emp": {
  "overflows": 30.0,
  "kg": 9588.825,
  "ncol": 728.0,
  "kg_lost": 157.7,
  "km": 1418.3750000000002,
  "kg/km": 6.7604300696219255,
  "cost": -8140.450000000001,
  "profit": 4178.6221525,
  "days": 7,
  "time": 421.594928239
 },
 "regular_lvl5_cvrp_ortools_emp": {
  "overflows": 57.0,
  "kg": 9721.825,
  "ncol": 624.0,
  "kg_lost": 383.32500000000005,
  "km": 1215.7500000000002,
  "kg/km": 7.996565905819452,
  "cost": -8449.075,
  "profit": 4458.8792525,
  "days": 6,
  "time": 361.488685349
 },
 "lookahead_vrpp_gurobi_emp": {
  "overflows": 11.0,
  "kg": 9310.95,
  "ncol": 449.0,
  "kg_lost": 137.27500000000003,
  "km": 1072.249,
  "kg/km": 8.6835707004623,
  "cost": -8227.701000000001,
  "profit": 4362.552514999999,
  "days": 6,
  "time": 170.006080443
 }
}
