{
 "last_minute_cf70_tsp_fast_tsp_emp": {
  "overflows": 13.0,
  "kg": 8802.699999999999,
  "ncol": 230.0,
  "kg_lost": 85.025,
  "km": 3882.7970000000014,
  "kg/km": 2.2671028127404025,
  "cost": -4906.9029999999975,
  "profit": 1255.33899,
  "time": 61.684969126,
  "days": 30
 },
 "lookahead_alns_custom_emp": {
  "overflows": 11.0,
  "kg": 9365.099999999999,
  "ncol": 524.0,
  "kg_lost": 137.27500000000003,
  "km": 1103.632,
  "kg/km": 8.485709004450758,
  "cost": -8250.467999999999,
  "profit": 4362.77687,
  "time": 216.495214983,
  "days": 6
 },
 "lookahead_hgs_custom_emp": {
  "overflows": 11.0,
  "kg": 9341.825,
  "ncol": 562.0,
  "kg_lost": 137.27500000000003,
  "km": 1180.5770000000002,
  "kg/km": 7.912931558043227,
  "cost": -8150.2480000000005,
  "profit": 4272.2462525,
  "time": 283.10349756700003,
  "days": 6
 },
 "lookahead_hh_aco_custom_emp": {
  "overflows": 8.0,
  "kg": 9306.199999999999,
  "ncol": 552.0,
  "kg_lost": 64.125,
  "km": 1153.935,
  "kg/km": 8.064752347402584,
  "cost": -8144.264999999999,
  "profit": 4278.09394,
  "time": 416.725404174,
  "days": 7
 },
 "lookahead_hvpl_custom_emp": {
  "overflows": 11.0,
  "kg": 9365.099999999999,
  "ncol": 523.0,
  "kg_lost": 137.27500000000003,
  "km": 1093.9560000000001,
  "kg/km": 8.560764783958401,
  "cost": -8260.143999999998,
  "profit": 4372.452869999999,
  "time": 369.770427101,
  "days": 6
 },
 "lookahead_ks_aco_custom_emp": {
  "overflows": 8.0,
  "kg": 9306.199999999999,
  "ncol": 552.0,
  "kg_lost": 64.125,
  "km": 1153.935,
  "kg/km": 8.064752347402584,
  "cost": -8144.264999999999,
  "profit": 4278.09394,
  "time": 418.541966547,
  "days": 7
 },
 "lookahead_sans_new_emp": {
  "overflows": 11.0,
  "kg": 9370.324999999999,
  "ncol": 622.0,
  "kg_lost": 137.27500000000003,
  "km": 1295.7479999999996,
  "kg/km": 7.2315951867184065,
  "cost": -8063.576999999999,
  "profit": 4173.7107025000005,
  "time": 361.663411982,
  "days": 6
 },
 "lookahead_sisr_custom_emp": {
  "overflows": 13.0,
  "kg": 9746.525,
  "ncol": 460.0,
  "kg_lost": 130.625,
  "km": 1467.508,
  "kg/km": 6.641548121032389,
  "cost": -8266.017,
  "profit": 4221.5386425,
  "time": 54.500170314,
  "days": 9
 },
 "regular_lvl3_cvrp_ortools_emp": {
  "overflows": 3.0,
  "kg": 9705.675,
  "ncol": 1040.0,
  "kg_lost": 40.85,
  "km": 2044.46,
  "kg/km": 4.7473049118104536,
  "cost": -7658.214999999999,
  "profit": 3620.7424975000004,
  "time": 602.38310159,
  "days": 10
 },
 "regular_lvl4_cvrp_ortools_emp": {
  "overflows": 2.0,
  "kg": 9962.65,
  "ncol": 832.0,
  "kg_lost": 60.800000000000004,
  "km": 1635.5680000000002,
  "kg/km": 6.091247811157958,
  "cost": -8325.081999999999,
  "profit": 4179.630805,
  "time": 482.13099681299997,
  "days": 8
 },
 "regular_lvl5_cvrp_ortools_emp": {
  "overflows": 11.0,
  "kg": 9016.449999999999,
  "ncol": 624.0,
  "kg_lost": 101.65,
  "km": 1226.6760000000002,
  "kg/km": 7.350310921547334,
  "cost": -7778.7739999999985,
  "profit": 4036.2258649999994,
  "time": 361.691323651,
  "days": 6
 },
 "lookahead_vrpp_gurobi_emp": {
  "overflows": 11.0,
  "kg": 9309.05,
  "ncol": 448.0,
  "kg_lost": 137.27500000000003,
  "km": 1067.222,
  "kg/km": 8.722693122892894,
  "cost": -8230.828,
  "profit": 4366.470485,
  "time": 216.882268955,
  "days": 6
 }
}