{
 "policy_look_ahead_a_vrpp_emp": {
  "overflows": 21.0,
  "kg": 8907.675,
  "ncol": 478.0,
  "kg_lost": 206.15000000000003,
  "km": 939.628,
  "kg/km": 9.480001660231494,
  "cost": -7947.047,
  "profit": 4259.7818975,
  "days": 5,
  "time": 12667.377214365
 }
}