{
 "last_minute_cf70_tsp_fast_tsp_gamma1": {
  "overflows": 31.6,
  "kg": 7087.124876551158,
  "ncol": 175.1,
  "kg_lost": 208.54658342975682,
  "km": 3265.4581,
  "kg/km": 2.170630477611587,
  "cost": -3790.0667765511585,
  "profit": 871.2966904429112,
  "days": 30.1,
  "time": 63.59608803410001
 },
 "lookahead_days7_alns_custom_gamma1": {
  "overflows": 0.5,
  "kg": 7526.548348010178,
  "ncol": 531.5,
  "kg_lost": 2.6303251255503532,
  "km": 3394.7677999999996,
  "kg/km": 2.217101124822461,
  "cost": -4131.280548010179,
  "profit": 998.4784707335414,
  "days": 31,
  "time": 190.4911289469
 },
 "lookahead_days7_bcp_ortools_gamma1": {
  "overflows": 0.5,
  "kg": 7526.548348010178,
  "ncol": 531.5,
  "kg_lost": 2.6303251255503532,
  "km": 3393.7452,
  "kg/km": 2.2177681306535617,
  "cost": -4132.303148010178,
  "profit": 999.5010707335414,
  "days": 31,
  "time": 1078.0669592459
 },
 "lookahead_days7_hgs_custom_gamma1": {
  "overflows": 0.5,
  "kg": 7526.548348010178,
  "ncol": 531.5,
  "kg_lost": 2.6303251255503532,
  "km": 3397.3723,
  "kg/km": 2.2153989660877915,
  "cost": -4128.676048010178,
  "profit": 995.8739707335413,
  "days": 31,
  "time": 448.2178548447
 },
 "lookahead_days7_lkh_custom_gamma1": {
  "overflows": 0.5,
  "kg": 7526.548348010178,
  "ncol": 531.5,
  "kg_lost": 2.6303251255503532,
  "km": 3446.464,
  "kg/km": 2.1838699169312936,
  "cost": -4079.5843480101785,
  "profit": 946.7822707335412,
  "days": 31,
  "time": 103.95466451920002
 },
 "lookahead_days7_sans_a_gamma1": {
  "overflows": 0.5,
  "kg": 7551.834979118595,
  "ncol": 620.0,
  "kg_lost": 2.6303251255503532,
  "km": 3462.420999999998,
  "kg/km": 2.181085136417148,
  "cost": -4088.913979118596,
  "profit": 945.5850773115234,
  "days": 31,
  "time": 104.60419393739998
 },
 "regular_lvl3_cvrp_ortools_gamma1": {
  "overflows": 98.8,
  "kg": 5523.321520920441,
  "ncol": 160.0,
  "kg_lost": 1557.7257626479732,
  "km": 881.8000000000001,
  "kg/km": 6.263689635881652,
  "cost": -4542.7215209204405,
  "profit": 2342.1627717612614,
  "days": 8,
  "time": 160.55655070880002
 },
 "regular_lvl4_cvrp_ortools_gamma1": {
  "overflows": 157.5,
  "kg": 5260.62833507974,
  "ncol": 140.0,
  "kg_lost": 2293.836969164404,
  "km": 771.575,
  "kg/km": 6.818038862171195,
  "cost": -4331.5533350797405,
  "profit": 2299.0537591860448,
  "days": 7,
  "time": 155.0347122493
 },
 "regular_lvl5_cvrp_ortools_gamma1": {
  "overflows": 205.1,
  "kg": 4603.415636630913,
  "ncol": 120.0,
  "kg_lost": 2951.0496676132325,
  "km": 661.35,
  "kg/km": 6.960634515205129,
  "cost": -3736.9656366309123,
  "profit": 2025.6637071014636,
  "days": 6,
  "time": 141.1466423097
 },
 "lookahead_days7_vrpp_gurobi_gamma1": {
  "overflows": 0.5,
  "kg": 7546.183830087043,
  "ncol": 573.8,
  "kg_lost": 2.6303251255503532,
  "km": 3426.8961,
  "kg/km": 2.2020388441554153,
  "cost": -4118.787730087043,
  "profit": 977.8114016218072,
  "days": 31,
  "time": 88.28789828730002
 },
 "means_std0.84_vrpp_gurobi_gamma1": {
  "overflows": 0.5,
  "kg": 7542.375014149697,
  "ncol": 556.8,
  "kg_lost": 2.6303251255503532,
  "km": 3398.661900000001,
  "kg/km": 2.2196479164123772,
  "cost": -4143.213114149697,
  "profit": 1003.8223957591769,
  "days": 30.8,
  "time": 75.75129506840001
 }
}
