{
 "am_emp": {
  "overflows": 0.97182531580755,
  "kg": 228.26517230819266,
  "ncol": 0.0,
  "kg_lost": 15.18917743365687,
  "km": 10.09376843458938,
  "kg/km": 0.05964586254673266,
  "cost": 227.96905951235013,
  "days": 0.0,
  "time": 0.04067489645249333
 },
 "am_gamma1": {
  "overflows": 0.7071067811865476,
  "kg": 144.21392823542556,
  "ncol": 0.0,
  "kg_lost": 12.021824847787151,
  "km": 12.700408875745527,
  "kg/km": 0.04406413182001078,
  "cost": 144.32057599098786,
  "days": 0.0,
  "time": 0.04470852343927025
 },
 "policy_last_minute50_emp": {
  "overflows": 0.97182531580755,
  "kg": 227.42363797791802,
  "ncol": 8.045012257431447,
  "kg_lost": 15.901083121738735,
  "km": 7.959003538970739,
  "kg/km": 0.024710998962842283,
  "cost": 227.51053153002636,
  "days": 0.0,
  "time": 0.7236656113787358
 },
 "policy_last_minute50_gamma1": {
  "overflows": 4.001388647846034,
  "kg": 170.36709501005396,
  "ncol": 2.898275349237888,
  "kg_lost": 51.3438942760028,
  "km": 9.88530204394372,
  "kg/km": 0.07540111331372719,
  "cost": 172.79393679683454,
  "days": 0.31622776601683794,
  "time": 8.671203219844413
 },
 "policy_last_minute50_gamma2": {
  "overflows": 4.447221354708778,
  "kg": 203.9240116387758,
  "ncol": 2.7162065049951147,
  "kg_lost": 39.523353969416036,
  "km": 73.03514262698775,
  "kg/km": 0.09202837064945825,
  "cost": 203.29599920438588,
  "days": 0.0,
  "time": 2.6463891961407935
 },
 "policy_last_minute50_gamma3": {
  "overflows": 5.186520991955976,
  "kg": 239.93921223658532,
  "ncol": 2.64365067451978,
  "kg_lost": 41.82765803038655,
  "km": 107.95312706273168,
  "kg/km": 0.1398882583165359,
  "cost": 297.7935818487779,
  "days": 0.0,
  "time": 4.1004127306720255
 },
 "policy_last_minute_and_path50_emp": {
  "overflows": 0.97182531580755,
  "kg": 227.42363797791802,
  "ncol": 8.045012257431447,
  "kg_lost": 15.901083121738735,
  "km": 9.52408273565235,
  "kg/km": 0.06966612725218296,
  "cost": 230.52539319456986,
  "days": 0.0,
  "time": 0.36527154515421534
 },
 "policy_last_minute_and_path50_gamma1": {
  "overflows": 4.001388647846034,
  "kg": 170.36709501005396,
  "ncol": 2.898275349237888,
  "kg_lost": 51.3438942760028,
  "km": 37.94291460499875,
  "kg/km": 0.08560203389633189,
  "cost": 188.70267259919297,
  "days": 0.0,
  "time": 0.4537930968776167
 },
 "policy_last_minute_and_path50_gamma2": {
  "overflows": 4.447221354708778,
  "kg": 203.9240116387758,
  "ncol": 2.7162065049951147,
  "kg_lost": 39.523353969416036,
  "km": 73.03514262698775,
  "kg/km": 0.09202837064945825,
  "cost": 203.29599920438588,
  "days": 0.0,
  "time": 2.931621981004693
 },
 "policy_last_minute_and_path50_gamma3": {
  "overflows": 5.186520991955976,
  "kg": 239.93921223658532,
  "ncol": 2.64365067451978,
  "kg_lost": 41.82765803038655,
  "km": 107.95312706273168,
  "kg/km": 0.1398882583165359,
  "cost": 297.7935818487779,
  "days": 0.0,
  "time": 0.3851626315113936
 },
 "policy_regular3_emp": {
  "overflows": 3.5103022978402048,
  "kg": 198.75962590246766,
  "ncol": 0.0,
  "kg_lost": 90.48173541905817,
  "km": 3.2152055403452517,
  "kg/km": 0.19748399035317407,
  "cost": 199.35214769802056,
  "days": 0.0,
  "time": 27.04806406005258
 },
 "policy_regular3_gamma1": {
  "overflows": 3.4253953543107007,
  "kg": 143.82903857505616,
  "ncol": 0.0,
  "kg_lost": 139.28266041345054,
  "km": 11.022544559522816,
  "kg/km": 0.20277785793018147,
  "cost": 142.8731263595492,
  "days": 0.0,
  "time": 32.510104194570594
 },
 "policy_regular3_gamma2": {
  "overflows": 3.2676869155073254,
  "kg": 165.421604596128,
  "ncol": 0.0,
  "kg_lost": 98.15566520685651,
  "km": 9.564071306486332,
  "kg/km": 0.15511580530256233,
  "cost": 163.68748901948953,
  "days": 0.0,
  "time": 42.64783289243607
 },
 "policy_regular3_gamma3": {
  "overflows": 2.4244128727957577,
  "kg": 249.3239905350786,
  "ncol": 0.0,
  "kg_lost": 43.60380362388648,
  "km": 8.139367508187192,
  "kg/km": 0.1997095000036339,
  "cost": 244.49834182996764,
  "days": 0.0,
  "time": 31.330762488943552
 },
 "policy_look_ahead_a_emp": {
  "overflows": 2.449489742783178,
  "kg": 368.80993298264985,
  "ncol": 23.475755815545345,
  "kg_lost": 77.67346179144243,
  "km": 131.6617792531302,
  "kg/km": 0.6284234221727565,
  "cost": 364.05666683307084,
  "days": 1.1737877907772674,
  "time": 1.4698116796459728
 },
 "policy_look_ahead_a_gamma1": {
  "overflows": 3.40587727318528,
  "kg": 286.1746491893531,
  "ncol": 10.327955589886445,
  "kg_lost": 81.41067868867634,
  "km": 55.76632812808173,
  "kg/km": 0.2571643425688582,
  "cost": 283.77577503682494,
  "days": 0.5163977794943222,
  "time": 0.6884610990919615
 },
 "policy_look_ahead_a_sans_emp": {
  "overflows": 4.762119042797836,
  "kg": 197.4522164417958,
  "ncol": 33.186342572409714,
  "kg_lost": 92.00217388735986,
  "km": 285.6851517196276,
  "kg/km": 0.3216805671227698,
  "cost": 203.90441280500255,
  "days": 2.6687491868330793,
  "time": 178.7534719615489
 },
 "policy_look_ahead_a_sans_gamma1": {
  "overflows": 2.3190036174568114,
  "kg": 156.1911893133732,
  "ncol": 0.9660917830792959,
  "kg_lost": 49.52939495345188,
  "km": 0.5942694043950503,
  "kg/km": 0.048872219883967435,
  "cost": 156.6113846907505,
  "days": 0.0,
  "time": 99.89134362591102
 },
 "policy_look_ahead_a_sans_gamma2": {
  "overflows": 1.4757295747452437,
  "kg": 212.03796945171365,
  "ncol": 11.845768114488068,
  "kg_lost": 53.09556025157635,
  "km": 57.70618414587622,
  "kg/km": 0.07932736160397483,
  "cost": 202.76361767284845,
  "days": 0.0,
  "time": 31.695283670912286
 },
 "policy_look_ahead_a_sans_gamma3": {
  "overflows": 1.286683937707919,
  "kg": 262.6195052759755,
  "ncol": 19.834033601082986,
  "kg_lost": 27.73093871818184,
  "km": 117.98558533425471,
  "kg/km": 0.12931670381843263,
  "cost": 274.7645734577866,
  "days": 0.0,
  "time": 64.20736867974037
 },
 "policy_look_ahead_a_vrpp_emp": {
  "overflows": 11.530153704285318,
  "kg": 220.6207404373195,
  "ncol": 16.696306976893624,
  "kg_lost": 124.38720906016735,
  "km": 123.34139466383138,
  "kg/km": 0.3356428751543609,
  "cost": 224.23744071837007,
  "days": 1.946506842754191,
  "time": 15.602221920920648
 },
 "policy_look_ahead_a_vrpp_gamma1": {
  "overflows": 4.516635916254486,
  "kg": 240.7279159724259,
  "ncol": 5.40473043833928,
  "kg_lost": 82.07294593843724,
  "km": 0.814365765488689,
  "kg/km": 0.12171512650212984,
  "cost": 243.2634820622545,
  "days": 0.0,
  "time": 6.147097476042056
 },
 "policy_look_ahead_a_vrpp_gamma2": {
  "overflows": 1.728840330651992,
  "kg": 247.6930267590411,
  "ncol": 9.72111104761179,
  "kg_lost": 56.546464407981354,
  "km": 31.740643212694334,
  "kg/km": 0.14731482003266547,
  "cost": 238.2856492539459,
  "days": 0.0,
  "time": 75.72563581279739
 },
 "policy_look_ahead_a_vrpp_gamma3": {
  "overflows": 3.5668224265054493,
  "kg": 253.03577121680533,
  "ncol": 14.389811210251045,
  "kg_lost": 47.195239154828,
  "km": 63.08633568804317,
  "kg/km": 0.2333294393634729,
  "cost": 257.6781397590949,
  "days": 0.0,
  "time": 7.472921216143647
 },
 "gurobi_vrpp0.84_emp": {
  "overflows": 5.711586664161039,
  "kg": 184.9541684970751,
  "ncol": 12.644278460148596,
  "kg_lost": 110.01494847923571,
  "km": 77.45576970439338,
  "kg/km": 0.1511462113559016,
  "cost": 178.9676956137008,
  "days": 1.2292725943057183,
  "time": 5.194652153898445
 },
 "gurobi_vrpp0.84_gamma1": {
  "overflows": 0.9486832980505138,
  "kg": 134.8663501061415,
  "ncol": 0.0,
  "kg_lost": 34.02765327729671,
  "km": 0.010999999999967258,
  "kg/km": 0.02861925863085734,
  "cost": 134.6549378042992,
  "days": 0.0,
  "time": 6.279296861076913
 },
 "gurobi_vrpp0.84_gamma2": {
  "overflows": 0.5676462121975466,
  "kg": 194.4646677983732,
  "ncol": 1.2692955176439846,
  "kg_lost": 38.64035908665033,
  "km": 0.7187852484110592,
  "kg/km": 0.05681243947443136,
  "cost": 194.04103741319688,
  "days": 0.0,
  "time": 130.51487049927363
 },
 "gurobi_vrpp0.84_gamma3": {
  "overflows": 1.2649110640673518,
  "kg": 252.3813062017352,