{
 "am_emp": {
  "overflows": 2.5,
  "kg": 6034.9,
  "ncol": 620.0,
  "kg_lost": 26.6,
  "km": 3816.5991000000004,
  "kg/km": 1.5812248137293916,
  "cost": -5650.74009,
  "days": 31,
  "time": 0.39149448139999976
 },
 "am_gamma1": {
  "overflows": 0.5,
  "kg": 15898.599956039145,
  "ncol": 620.0,
  "kg_lost": 5.5375265801060065,
  "km": 3776.2025000000003,
  "kg/km": 4.210281467881072,
  "cost": -15520.479706039145,
  "days": 31,
  "time": 0.3878797100000001
 },
 "policy_last_minute50_emp": {
  "overflows": 2.5,
  "kg": 6026.2,
  "ncol": 272.5,
  "kg_lost": 28.2,
  "km": 3352.3783333333326,
  "kg/km": 1.7819448909139888,
  "cost": -5688.70668,
  "days": 31,
  "time": 3.0154749952
 },
 "policy_last_minute50_gamma1": {
  "overflows": 30.3,
  "kg": 15084.799757488025,
  "ncol": 178.2,
  "kg_lost": 285.38214310432943,
  "km": 3370.284,
  "kg/km": 4.472625735766965,
  "cost": -14718.242707488025,
  "days": 30.9,
  "time": 37.8136460722
 },
 "policy_last_minute50_gamma2": {
  "overflows": 28.0,
  "kg": 11223.654670650289,
  "ncol": 125.4,
  "kg_lost": 220.742612894945,
  "km": 3185.1639,
  "kg/km": 3.5251177419651234,
  "cost": -8010.490770650288,
  "days": 31,
  "time": 44.3338060067
 },
 "policy_last_minute50_gamma3": {
  "overflows": 22.3,
  "kg": 7452.848745310465,
  "ncol": 79.9,
  "kg_lost": 180.14258118948615,
  "km": 3002.1392,
  "kg/km": 2.4863455396685685,
  "cost": -4428.409545310465,
  "days": 31,
  "time": 45.3721126961
 },
 "policy_last_minute_and_path50_emp": {
  "overflows": 2.5,
  "kg": 6026.2,
  "ncol": 272.5,
  "kg_lost": 28.2,
  "km": 3349.9331999999995,
  "kg/km": 1.7989719511448297,
  "cost": -2673.7668000000003,
  "days": 31,
  "time": 0.7554017088999998
 },
 "policy_last_minute_and_path50_gamma1": {
  "overflows": 30.3,
  "kg": 15084.799757488025,
  "ncol": 178.2,
  "kg_lost": 285.38214310432943,
  "km": 3362.5705,
  "kg/km": 4.486821920819976,
  "cost": -11691.929257488026,
  "days": 31,
  "time": 2.6487642551
 },
 "policy_last_minute_and_path50_gamma2": {
  "overflows": 28.0,
  "kg": 11223.654670650289,
  "ncol": 125.4,
  "kg_lost": 220.742612894945,
  "km": 3185.1639,
  "kg/km": 3.5251177419651234,
  "cost": -8010.490770650288,
  "days": 31,
  "time": 43.6959186861
 },
 "policy_last_minute_and_path50_gamma3": {
  "overflows": 22.3,
  "kg": 7452.848745310465,
  "ncol": 79.9,
  "kg_lost": 180.14258118948615,
  "km": 3002.1392,
  "kg/km": 2.4863455396685685,
  "cost": -4428.409545310465,
  "days": 31,
  "time": 3.5760549847
 },
 "policy_regular3_emp": {
  "overflows": 9.9,
  "kg": 5614.5,
  "ncol": 200.0,
  "kg_lost": 201.5,
  "km": 1166.0453333333335,
  "kg/km": 4.874172817508274,
  "cost": -5487.76503,
  "days": 10,
  "time": 100.82851992500001
 },
 "policy_regular3_gamma1": {
  "overflows": 64.8,
  "kg": 13292.279646815798,
  "ncol": 200.0,
  "kg_lost": 2106.314866763162,
  "km": 1159.3651666666667,
  "kg/km": 11.441143502287524,
  "cost": -13111.1721468158,
  "days": 10,
  "time": 99.29003691129999
 },
 "policy_regular3_gamma2": {
  "overflows": 31.3,
  "kg": 11212.5637940443,
  "ncol": 200.0,
  "kg_lost": 554.0609710167774,
  "km": 1163.3248,
  "kg/km": 9.638836355003637,
  "cost": -10017.9389940443,
  "days": 31,
  "time": 101.5746797894
 },
 "policy_regular3_gamma3": {
  "overflows": 5.9,
  "kg": 8094.760138027545,
  "ncol": 200.0,
  "kg_lost": 60.18000944323593,
  "km": 1162.4721,
  "kg/km": 6.963161336500236,
  "cost": -6926.388038027545,
  "days": 31,
  "time": 105.3046300939
 },
 "policy_look_ahead_a_emp": {
  "overflows": 8.0,
  "kg": 5730.9,
  "ncol": 188.0,
  "kg_lost": 145.5,
  "km": 1048.1269,
  "kg/km": 5.526670266391164,
  "cost": -5618.08731,
  "days": 9.4,
  "time": 11.408044825200001
 },
 "policy_look_ahead_a_gamma1": {
  "overflows": 28.4,
  "kg": 15207.89130304661,
  "ncol": 312.0,
  "kg_lost": 547.1304433822588,
  "km": 1741.42,
  "kg/km": 8.739097285204881,
  "cost": -15005.349303046609,
  "days": 15.6,
  "time": 19.0537101308
 },
 "policy_look_ahead_a_sans_emp": {
  "overflows": 29.7,
  "kg": 5536.4,
  "ncol": 308.0,
  "kg_lost": 328.8,
  "km": 2589.6178,
  "kg/km": 2.1683810320151027,
  "cost": -5247.73822,
  "days": 24.3,
  "time": 1527.014729981
 },
 "policy_look_ahead_a_sans_gamma1": {
  "overflows": 30.4,
  "kg": 15246.541431424534,
  "ncol": 550.4,
  "kg_lost": 575.1181495202976,
  "km": 3194.1968749999996,
  "kg/km": 4.762461460774624,
  "cost": -14896.718231424533,
  "days": 29,
  "time": 1829.5578788831
 },
 "policy_look_ahead_a_sans_gamma2": {
  "overflows": 28.8,
  "kg": 11406.298935374953,
  "ncol": 533.1,
  "kg_lost": 677.1658379084171,
  "km": 3145.289300000001,
  "kg/km": 3.627232718270643,
  "cost": -8232.209635374953,
  "days": 31,
  "time": 1779.0861237133
 },
 "policy_look_ahead_a_sans_gamma3": {
  "overflows": 26.9,
  "kg": 7835.457884396053,
  "ncol": 494.5,
  "kg_lost": 476.2308747643064,
  "km": 3003.6160000000004,
  "kg/km": 2.611952849678739,
  "cost": -4804.941884396053,
  "days": 31,
  "time": 6850.8430220849
 },
 "policy_look_ahead_a_vrpp_emp": {
  "overflows": 44.5,
  "kg": 5284.2,
  "ncol": 284.1,
  "kg_lost": 510.8,
  "km": 1486.3284285714285,
  "kg/km": 3.6050016841883172,
  "cost": -5087.86973,
  "days": 26.3,
  "time": 181.2091469529
 },
 "policy_look_ahead_a_vrpp_gamma1": {
  "overflows": 44.8,
  "kg": 14846.404107569226,
  "ncol": 484.1,
  "kg_lost": 862.0534377781561,
  "km": 1769.7229999999997,
  "kg/km": 8.430841697848365,
  "cost": -14624.655857569225,
  "days": 29,
  "time": 248.6197966371
 },
 "policy_look_ahead_a_vrpp_gamma2": {
  "overflows": 30.9,
  "kg": 11298.557257752236,
  "ncol": 436.5,
  "kg_lost": 708.725737099245,
  "km": 1734.312,
  "kg/km": 6.515789900136053,
  "cost": -9533.345257752235,
  "days": 31,
  "time": 553.9591093346
 },
 "policy_look_ahead_a_vrpp_gamma3": {
  "overflows": 29.5,
  "kg": 7698.946570075895,
  "ncol": 356.8,
  "kg_lost": 508.1736298087479,
  "km": 1633.4928999999997,
  "kg/km": 4.719129801145989,
  "cost": -6035.953670075895,
  "days": 31,
  "time": 146.81363959089998
 },
 "gurobi_vrpp0.84_emp": {
  "overflows": 25.2,
  "kg": 5565.4,
  "ncol": 387.9,
  "kg_lost": 303.8,
  "km": 3146.1995000000006,
  "kg/km": 1.7391947246413446,
  "cost": -5222.26456,
  "days": 29.8,
  "time": 193.9209697188
 },
 "gurobi_vrpp0.84_gamma1": {
  "overflows": 27.3,
  "kg": 15288.52456810202,
  "ncol": 589.0,
  "kg_lost": 515.6129145172306,
  "km": 3414.8724999999995,
  "kg/km": 4.493251942593392,
  "cost": -14919.737468102021,
  "days": 31,
  "time": 260.2691207598
 },
 "gurobi_vrpp0.84_gamma2": {
  "overflows": 27.1,
  "kg": 11428.839981711188,
  "ncol": 587.5,
  "kg_lost": 644.6203084952069,
  "km": 3414.021700000001,
  "kg/km": 3.3476156535619084,
  "cost": -7987.718281711186,
  "days": 31,
  "time": 1028.3561784315
 },
 "gurobi_vrpp0.84_gamma3": {
  "overflows": 25.6,
  "kg": 7853.419042677319,
  "ncol": 576.5,
  "kg_lost": 457.53739905978125,
  "km": 3408.046500000001,
  "kg/km": 2.304381633619216,
  "cost": -4419.772542677319,
  "days": 31,
  "time": 256.6813935732
 },
 "hexaly_vrpp0.84_emp": {
  "overflows": 19.4,
  "kg": 5786.1,
  "ncol": 589.0,
  "kg_lost": 175.4,
  "km": 3414.8669999999993,
  "kg/km": 1.727739323376284,
  "cost": -5425.2133,
  "days": 31,
  "time": 2910.5760625175
 },
 "hexaly_vrpp0.84_gamma1": {
  "overflows": 27.3,
  "kg": 15288.52456810202,
  "ncol": 589.0,
  "kg_lost": 515.6129145172306,
  "km": 3414.8669999999993,
  "kg/km": 4.473448615741277,
  "cost": -14919.737868102022,
  "days": 31,
  "time": 2890.2165746234
 },
 "hexaly_vrpp0.84_gamma2": {
  "overflows": 27.1,
  "kg": 11430.059942132277,
  "ncol": 589.0,
  "kg_lost": 644.6203084952069,
  "km": 3414.8670000000016,
  "kg/km": 3.3471464458593183,
  "cost": -7988.092942132275,
  "days": 31,
  "time": 3002.1890401974
 },
 "hexaly_vrpp0.84_gamma3": {
  "overflows": 25.6,
  "kg": 7856.643811639627,
  "ncol": 589.0,
  "kg_lost": 457.53739905978125,
  "km": 3414.8670000000016,
  "kg/km": 2.3007173666323237,
  "cost": -4416.176811639624,
  "days": 31,