{
 "aco_hh_custom_emp": {
  "overflows": 3.0,
  "kg": 6933.575000000001,
  "ncol": 479.0,
  "kg_lost": 13.299999999999999,
  "km": 754.488,
  "kg/km": 9.189775052751004,
  "reward": 6176.087,
  "profit": 3292.6397274999995,
  "time": 122.82629120501224,
  "days": 7
 },
 "alns_custom_emp": {
  "overflows": 3.0,
  "kg": 6960.650000000001,
  "ncol": 509.0,
  "kg_lost": 13.299999999999999,
  "km": 741.99,
  "kg/km": 9.38105634846831,
  "reward": 6215.660000000001,
  "profit": 3320.941405,
  "time": 422.5946217740129,
  "days": 7
 },
 "bpc_custom_emp": {
  "overflows": 3.0,
  "kg": 6927.875000000001,
  "ncol": 496.0,
  "kg_lost": 13.299999999999999,
  "km": 808.611,
  "kg/km": 8.567623987306629,
  "reward": 6116.264000000001,
  "profit": 3235.1896375,
  "time": 321.49084120299085,
  "days": 7
 },
 "hgs_custom_emp": {
  "overflows": 3.0,
  "kg": 6962.075000000002,
  "ncol": 486.0,
  "kg_lost": 13.299999999999999,
  "km": 750.366,
  "kg/km": 9.278238886090257,
  "reward": 6208.709000000002,
  "profit": 3313.3971775,
  "time": 435.6139527540072,
  "days": 7
 },
 "pg_clns_custom_emp": {
  "overflows": 3.0,
  "kg": 6960.650000000001,
  "ncol": 510.0,
  "kg_lost": 13.299999999999999,
  "km": 751.5319999999999,
  "kg/km": 9.261947595045855,
  "reward": 6206.118,
  "profit": 3311.399405,
  "time": 460.74070676398696,
  "days": 7
 },
 "psoma_emp": {
  "overflows": 3.0,
  "kg": 6947.350000000001,
  "ncol": 526.0,
  "kg_lost": 14.25,
  "km": 812.137,
  "kg/km": 8.554406460978877,
  "reward": 6132.213000000002,
  "profit": 3243.031195,
  "time": 108.83438336898689,
  "days": 7
 },
 "sans_new_emp": {
  "overflows": 3.0,
  "kg": 6967.7750000000015,
  "ncol": 625.0,
  "kg_lost": 13.299999999999999,
  "km": 994.5280000000001,
  "kg/km": 7.00611244731169,
  "reward": 5970.247000000001,
  "profit": 3072.5622675,
  "time": 423.5468197730079,
  "days": 7
 },
 "swc_tcf_gurobi_emp": {
  "overflows": 3.0,
  "kg": 6966.825000000002,
  "ncol": 526.0,
  "kg_lost": 13.299999999999999,
  "km": 810.2270000000001,
  "kg/km": 8.598608784945455,
  "reward": 6153.598000000002,
  "profit": 3256.3087525,
  "time": 263.9760446760047,
  "days": 7
 }
}