{
 "last_minute_cf70_tsp_fast_tsp_gamma1": {
  "overflows": 5.719362823873925,
  "kg": 135.95600429420224,
  "ncol": 3.8137179293236207,
  "kg_lost": 39.383912953001946,
  "km": 36.85947041112896,
  "kg/km": 0.05083672400690305,
  "cost": 148.73399349380696,
  "profit": 91.93812102804372,
  "days": 0.31622776601683794,
  "time": 5.2302791388323815
 },
 "lookahead_days7_alns_custom_gamma1": {
  "overflows": 0.7071067811865476,
  "kg": 68.33244697536509,
  "ncol": 5.212165257037297,
  "kg_lost": 5.710366802698897,
  "km": 1.6570612407377303,
  "kg/km": 0.01992964388838431,
  "cost": 67.79884154312363,
  "profit": 39.56281869167893,
  "days": 0.0,
  "time": 2.3207565801016097
 },
 "lookahead_days7_bcp_ortools_gamma1": {
  "overflows": 0.7071067811865476,
  "kg": 68.33244697536509,
  "ncol": 5.212165257037297,
  "kg_lost": 5.710366802698897,
  "km": 1.708026398442684,
  "kg/km": 0.019803202469855643,
  "cost": 67.59809881033162,
  "profit": 39.360930675205985,
  "days": 0.0,
  "time": 8.74794065395968
 },
 "lookahead_days7_hgs_custom_gamma1": {
  "overflows": 0.7071067811865476,
  "kg": 68.33244697536509,
  "ncol": 5.212165257037297,
  "kg_lost": 5.710366802698897,
  "km": 3.1069964435125024,
  "kg/km": 0.01953253194224735,
  "cost": 67.15428088339876,
  "profit": 38.95020521788154,
  "days": 0.0,
  "time": 10.573795766901085
 },
 "lookahead_days7_lkh_custom_gamma1": {
  "overflows": 0.7071067811865476,
  "kg": 68.33244697536509,
  "ncol": 5.212165257037297,
  "kg_lost": 5.710366802698897,
  "km": 9.483063499383041,
  "kg/km": 0.02169471662364995,
  "cost": 70.41819951885006,
  "profit": 42.56092927750332,
  "days": 0.0,
  "time": 37.16639525759493
 },
 "lookahead_days7_sans_a_gamma1": {
  "overflows": 0.7071067811865476,
  "kg": 68.50161591182741,
  "ncol": 0.0,
  "kg_lost": 5.710366802698897,
  "km": 0.0,
  "kg/km": 0.019784311587709144,
  "cost": 68.26761634438458,
  "profit": 39.984393207733596,
  "days": 0.0,
  "time": 1.5345237659896012
 },
 "regular_lvl3_cvrp_ortools_gamma1": {
  "overflows": 4.022160834399561,
  "kg": 55.94323957575563,
  "ncol": 0.0,
  "kg_lost": 55.273500801194,
  "km": 0.0,
  "kg/km": 0.06344209523220196,
  "cost": 54.4896001797205,
  "profit": 32.654068940368795,
  "days": 0.0,
  "time": 6.712868128533895
 },
 "regular_lvl4_cvrp_ortools_gamma1": {
  "overflows": 6.311365409587163,
  "kg": 28.784816933070555,
  "ncol": 0.0,
  "kg_lost": 66.48303986488021,
  "km": 0.0,
  "kg/km": 0.03730657024018473,
  "cost": 24.210994544012678,
  "profit": 16.80169764383333,
  "days": 0.0,
  "time": 17.537234312540264
 },
 "regular_lvl5_cvrp_ortools_gamma1": {
  "overflows": 7.665941994736633,
  "kg": 22.711585281496184,
  "ncol": 0.0,
  "kg_lost": 77.99183376145788,
  "km": 0.0,
  "kg/km": 0.03434124938609836,
  "cost": 25.32003509455045,
  "profit": 13.256752328809359,
  "days": 0.0,
  "time": 11.809139830481262
 },
 "lookahead_days7_vrpp_gurobi_gamma1": {
  "overflows": 0.7071067811865476,
  "kg": 68.55543302446027,
  "ncol": 4.1041983924323695,
  "kg_lost": 5.710366802698897,
  "km": 3.1192079639262964,
  "kg/km": 0.018971301432247685,
  "cost": 66.65341620020497,
  "profit": 38.37390022277887,
  "days": 0.0,
  "time": 4.924013423968673
 },
 "means_std0.84_vrpp_gurobi_gamma1": {
  "overflows": 0.7071067811865476,
  "kg": 69.33927675091996,
  "ncol": 8.107609594284455,
  "kg_lost": 5.710366802698897,
  "km": 44.924416324534434,
  "kg/km": 0.04092944319893543,
  "cost": 93.05933793065023,
  "profit": 68.7962995543834,
  "days": 0.4216370213557839,
  "time": 14.21146920114776
 }
}
