{
 "am_emp": {
  "overflows": 2.0110804171997807,
  "kg": 519.3859194600228,
  "ncol": 15.572411502397436,
  "kg_lost": 62.56942810457303,
  "km": 128.60917611966008,
  "kg/km": 0.06736069324511187,
  "cost": 507.50491348430376,
  "days": 0.0,
  "time": 0.03984386233822049
 },
 "am_gamma1": {
  "overflows": 6.310485101972924,
  "kg": 442.4747564742625,
  "ncol": 5.375872022286245,
  "kg_lost": 118.804877792414,
  "km": 78.83780718869707,
  "kg/km": 0.10193203610470915,
  "cost": 441.39306581406754,
  "days": 0.0,
  "time": 0.04055949123653576
 },
 "policy_last_minute50_emp": {
  "overflows": 1.8257418583505538,
  "kg": 510.0899267122743,
  "ncol": 14.584618990947659,
  "kg_lost": 60.35828213445295,
  "km": 48.45829873372231,
  "kg/km": 0.1336025662256733,
  "cost": 508.24255383681844,
  "days": 0.0,
  "time": 50.60318877348397
 },
 "policy_last_minute50_gamma1": {
  "overflows": 5.778311941119905,
  "kg": 543.9861892447955,
  "ncol": 7.244921593011817,
  "kg_lost": 83.82503903091182,
  "km": 63.39495807952567,
  "kg/km": 0.10706193063802039,
  "cost": 539.004081989427,
  "days": 0.0,
  "time": 67.00015671543798
 },
 "policy_last_minute50_gamma2": {
  "overflows": 4.671426144361294,
  "kg": 481.1878312278761,
  "ncol": 6.446359868604572,
  "kg_lost": 79.55297321921724,
  "km": 75.15850782542462,
  "kg/km": 0.16625627678035027,
  "cost": 480.3502083013751,
  "days": 0.0,
  "time": 2.9940044633013643
 },
 "policy_last_minute50_gamma3": {
  "overflows": 3.719318934070233,
  "kg": 386.1487193891782,
  "ncol": 4.169998667732268,
  "kg_lost": 99.43894932027729,
  "km": 95.08212240654562,
  "kg/km": 0.09072329630870622,
  "cost": 322.90137823747045,
  "days": 0.0,
  "time": 7.7442302278513635
 },
 "policy_last_minute_and_path50_emp": {
  "overflows": 1.8257418583505538,
  "kg": 510.0899267122743,
  "ncol": 14.584618990947659,
  "kg_lost": 60.35828213445295,
  "km": 51.64135770667621,
  "kg/km": 0.12484141474654303,
  "cost": 505.4528967648829,
  "days": 0.0,
  "time": 24.605758062716898
 },
 "policy_last_minute_and_path50_gamma1": {
  "overflows": 5.778311941119905,
  "kg": 543.9861892447955,
  "ncol": 7.244921593011817,
  "kg_lost": 83.82503903091182,
  "km": 53.12752807276307,
  "kg/km": 0.10387861995999717,
  "cost": 510.41156324967875,
  "days": 0.0,
  "time": 3.0155211971543183
 },
 "policy_last_minute_and_path50_gamma2": {
  "overflows": 4.671426144361294,
  "kg": 481.1878312278761,
  "ncol": 6.446359868604572,
  "kg_lost": 79.55297321921724,
  "km": 75.16618344560105,
  "kg/km": 0.1669127289429835,
  "cost": 480.84568185890976,
  "days": 0.0,
  "time": 5.239103882277929
 },
 "policy_last_minute_and_path50_gamma3": {
  "overflows": 3.719318934070233,
  "kg": 386.1487193891782,
  "ncol": 4.169998667732268,
  "kg_lost": 99.43894932027729,
  "km": 95.08212240654562,
  "kg/km": 0.09072329630870622,
  "cost": 322.90137823747045,
  "days": 0.0,
  "time": 0.6402131919091534
 },
 "policy_regular3_emp": {
  "overflows": 4.321779468896785,
  "kg": 447.10676080278137,
  "ncol": 0.0,
  "kg_lost": 135.62878258934077,
  "km": 52.33854537209339,
  "kg/km": 0.17821081875980957,
  "cost": 442.3973594129941,
  "days": 0.0,
  "time": 297.48604943782965
 },
 "policy_regular3_gamma1": {
  "overflows": 6.131883886702357,
  "kg": 231.18390905294706,
  "ncol": 0.0,
  "kg_lost": 302.0896463326367,
  "km": 29.957798613494184,
  "kg/km": 0.2987049562885979,
  "cost": 226.46762102086348,
  "days": 0.0,
  "time": 222.40732083419218
 },
 "policy_regular3_gamma2": {
  "overflows": 5.738757124441959,
  "kg": 413.7268981103509,
  "ncol": 0.0,
  "kg_lost": 160.18123067565537,
  "km": 47.014007528371515,
  "kg/km": 0.4854797712295666,
  "cost": 436.8600016625582,
  "days": 0.0,
  "time": 24.656527847715918
 },
 "policy_regular3_gamma3": {
  "overflows": 4.638007234913623,
  "kg": 350.1347376745067,
  "ncol": 0.0,
  "kg_lost": 89.45258311119484,
  "km": 37.48313346752702,
  "kg/km": 0.32770964722341284,
  "cost": 370.7699200370428,
  "days": 0.0,
  "time": 123.68333793019285
 },
 "policy_look_ahead_a_emp": {
  "overflows": 2.1186998109427604,
  "kg": 674.6681571129782,
  "ncol": 53.3545791016208,
  "kg_lost": 107.22955645612723,
  "km": 182.94721128848423,
  "kg/km": 0.431739447418149,
  "cost": 664.3542403576442,
  "days": 1.1352924243950935,
  "time": 10.41580556843528
 },
 "policy_look_ahead_a_gamma1": {
  "overflows": 6.765927710061479,
  "kg": 830.309837090598,
  "ncol": 34.96029493900505,
  "kg_lost": 172.62096979177036,
  "km": 121.97065798315788,
  "kg/km": 0.3455831996295387,
  "cost": 819.3339230080528,
  "days": 0.699205898780101,
  "time": 8.392051012153507
 },
 "policy_look_ahead_a_sans_emp": {
  "overflows": 16.234394215847892,
  "kg": 534.1329006488512,
  "ncol": 59.48940148370035,
  "kg_lost": 163.14577666750813,
  "km": 307.8922148445153,
  "kg/km": 0.3087533958936132,
  "cost": 533.5144431675145,
  "days": 2.3213980461973533,
  "time": 1679.0030216695347
 },
 "policy_look_ahead_a_sans_gamma1": {
  "overflows": 5.87272414547873,
  "kg": 582.0406651565287,
  "ncol": 29.638750910852426,
  "kg_lost": 88.36697241999036,
  "km": 104.79790914713477,
  "kg/km": 0.22940503458935266,
  "cost": 583.1098858790908,
  "days": 0.6324555320336759,
  "time": 1506.4226490621113
 },
 "policy_look_ahead_a_sans_gamma2": {
  "overflows": 2.756809750418044,
  "kg": 490.0929325276553,
  "ncol": 25.38262747978975,
  "kg_lost": 90.91810847008841,
  "km": 91.87867364984955,
  "kg/km": 0.17663186033857822,
  "cost": 510.09934325967816,
  "days": 0.0,
  "time": 2174.5518793134706
 },
 "policy_look_ahead_a_sans_gamma3": {
  "overflows": 2.973961069759395,
  "kg": 350.20832929971624,
  "ncol": 45.17914956653739,
  "kg_lost": 55.76651539075453,
  "km": 161.12011496468497,
  "kg/km": 0.16394035056857073,
  "cost": 298.8227672948132,
  "days": 0.0,
  "time": 108.59139512460821
 },
 "policy_look_ahead_a_vrpp_emp": {
  "overflows": 15.019986684414869,
  "kg": 582.8923666605277,
  "ncol": 26.146807750766737,
  "kg_lost": 142.30893623849957,
  "km": 94.75136868175896,
  "kg/km": 0.15457748381975406,
  "cost": 582.0024812707734,
  "days": 0.9660917830792959,
  "time": 194.6266177906345
 },
 "policy_look_ahead_a_vrpp_gamma1": {
  "overflows": 7.702813338860896,
  "kg": 592.7067552076844,
  "ncol": 36.95282277595463,
  "kg_lost": 187.4828563730071,
  "km": 109.7398210849187,
  "kg/km": 0.314105630217782,
  "cost": 595.0147382597181,
  "days": 0.8755950357709131,
  "time": 101.49750864108445
 },
 "policy_look_ahead_a_vrpp_gamma2": {
  "overflows": 5.758086101783782,
  "kg": 514.7464209140217,
  "ncol": 22.20710596983667,
  "kg_lost": 72.82230990770898,
  "km": 76.91632293892145,
  "kg/km": 0.24674826510306128,
  "cost": 534.3906246755759,
  "days": 0.0,
  "time": 459.3694345285152
 },
 "policy_look_ahead_a_vrpp_gamma3": {
  "overflows": 4.9396356140913875,
  "kg": 425.60246445121845,
  "ncol": 34.20591241941142,
  "kg_lost": 78.81562102232459,
  "km": 126.09541694975798,
  "kg/km": 0.207311065245885,
  "cost": 367.51567787178027,
  "days": 0.0,
  "time": 109.68000009399441
 },
 "gurobi_vrpp0.84_emp": {
  "overflows": 14.027354229029317,
  "kg": 495.13697319249167,
  "ncol": 11.78322725081904,
  "kg_lost": 121.0050503996516,
  "km": 56.738742025376894,
  "kg/km": 0.12107569037119761,
  "cost": 496.3760462476673,
  "days": 0.0,
  "time": 1099.6311826034
 },
 "gurobi_vrpp0.84_gamma1": {
  "overflows": 1.6865480854231356,
  "kg": 530.3325238464245,
  "ncol": 2.5841396591085743,
  "kg_lost": 24.66628023466859,
  "km": 10.71455139440537,
  "kg/km": 0.07373883621929371,
  "cost": 530.2248468201715,
  "days": 0.0,
  "time": 44.05896332570794
 },
 "gurobi_vrpp0.84_gamma2": {
  "overflows": 1.1547005383792515,
  "kg": 449.03670949545455,
  "ncol": 3.5652645218989165,
  "kg_lost": 55.07743488830551,
  "km": 13.444994079168863,
  "kg/km": 0.09880714500045598,
  "cost": 453.6728100437744,
  "days": 0.0,
  "time": 105.76538290527925
 },
 "gurobi_vrpp0.84_gamma3": {
  "overflows": 3.011090610836324,