{
 "last_minute_cf70_tsp_fast_tsp_gamma1": {
  "overflows": 6.036923425424944,
  "kg": 272.15538627221065,
  "ncol": 7.761013679496599,
  "kg_lost": 27.75176782648649,
  "km": 61.299455419096184,
  "kg/km": 0.06431019523259582,
  "cost": 247.18411166543882,
  "profit": 139.93187297969527,
  "days": 0.4216370213557839,
  "time": 85.81259976753158
 },
 "lookahead_days7_alns_custom_gamma1": {
  "overflows": 1.4298407059684812,
  "kg": 251.62182077005153,
  "ncol": 7.823753006780768,
  "kg_lost": 8.064554665606881,
  "km": 10.223453976573492,
  "kg/km": 0.05484669733106754,
  "cost": 255.70999971264246,
  "profit": 151.34608390439246,
  "days": 0.0,
  "time": 4.255883799346792
 },
 "lookahead_days7_bcp_ortools_gamma1": {
  "overflows": 1.4298407059684812,
  "kg": 251.62182077005153,
  "ncol": 7.823753006780768,
  "kg_lost": 8.064554665606881,
  "km": 13.052542681195881,
  "kg/km": 0.05876957827373183,
  "cost": 260.4713207879508,
  "profit": 156.10478789596064,
  "days": 0.0,
  "time": 6.725518616397491
 },
 "lookahead_days7_hgs_custom_gamma1": {
  "overflows": 1.4298407059684812,
  "kg": 251.62182077005153,
  "ncol": 7.823753006780768,
  "kg_lost": 8.064554665606881,
  "km": 35.150423690982166,
  "kg/km": 0.059900760210032024,
  "cost": 257.99449990873615,
  "profit": 155.22552011213605,
  "days": 0.0,
  "time": 110.09406601372916
 },
 "lookahead_days7_lkh_custom_gamma1": {
  "overflows": 1.4298407059684812,
  "kg": 251.62182077005153,
  "ncol": 7.823753006780768,
  "kg_lost": 8.064554665606881,
  "km": 53.069473401591125,
  "kg/km": 0.06121364918536814,
  "cost": 279.1108324987144,
  "profit": 177.06803433436318,
  "days": 0.0,
  "time": 8.153158522730559
 },
 "lookahead_days7_sans_a_gamma1": {
  "overflows": 1.4298407059684812,
  "kg": 245.44515361044304,
  "ncol": 0.0,
  "kg_lost": 8.064554665606881,
  "km": 0.0,
  "kg/km": 0.04638712013555301,
  "cost": 245.15429752448443,
  "profit": 143.2663361624159,
  "days": 0.0,
  "time": 97.83631600156073
 },
 "regular_lvl3_cvrp_ortools_gamma1": {
  "overflows": 12.46372514316825,
  "kg": 86.23596271280022,
  "ncol": 0.0,
  "kg_lost": 170.6964912239186,
  "km": 0.0,
  "kg/km": 0.0666371710584557,
  "cost": 79.9960829054154,
  "profit": 50.33593143546129,
  "days": 0.0,
  "time": 34.08095933074976
 },
 "regular_lvl4_cvrp_ortools_gamma1": {
  "overflows": 7.706418681131261,
  "kg": 55.57215842639163,
  "ncol": 0.0,
  "kg_lost": 212.87003629505273,
  "km": 0.0,
  "kg/km": 0.049076925491449465,
  "cost": 51.67188324604498,
  "profit": 32.43746887348449,
  "days": 0.0,
  "time": 8.585102050651852
 },
 "regular_lvl5_cvrp_ortools_gamma1": {
  "overflows": 10.339245620450265,
  "kg": 59.96378123561623,
  "ncol": 0.0,
  "kg_lost": 213.49074691234392,
  "km": 0.0,
  "kg/km": 0.06178113510589105,
  "cost": 64.01127246212484,
  "profit": 35.00085910722888,
  "days": 0.0,
  "time": 10.842295720197072
 },
 "lookahead_days7_vrpp_gurobi_gamma1": {
  "overflows": 1.4298407059684812,
  "kg": 245.90142876044058,
  "ncol": 4.6475800154489,
  "kg_lost": 8.064554665606881,
  "km": 9.134336015529492,
  "kg/km": 0.05047045314993465,
  "cost": 246.59478617338135,
  "profit": 144.64777247327763,
  "days": 0.0,
  "time": 213.12489473278728
 },
 "means_std0.84_vrpp_gurobi_gamma1": {
  "overflows": 1.4298407059684812,
  "kg": 245.47299678564676,
  "ncol": 7.950541560869367,
  "kg_lost": 8.064554665606881,
  "km": 11.610542228774912,
  "kg/km": 0.047832836721097775,
  "cost": 242.28866988965305,
  "profit": 140.62008739745116,
  "days": 0.0,
  "time": 36.84342634951866
 }
}
