{
 "am_emp": {
  "overflows": 4.6,
  "kg": 11499.8,
  "ncol": 369.5,
  "kg_lost": 86.6,
  "km": 4763.0162,
  "kg/km": 2.4137938886921657,
  "cost": -11018.89838,
  "days": 31,
  "time": 0.27797970520000026
 },
 "am_gamma1": {
  "overflows": 64.6,
  "kg": 37974.32427162533,
  "ncol": 1278.3,
  "kg_lost": 1120.4076271687495,
  "km": 7254.4349,
  "kg/km": 5.235486477250743,
  "cost": -37184.280781625326,
  "days": 31,
  "time": 0.6877122134999998
 },
 "policy_last_minute50_emp": {
  "overflows": 4.0,
  "kg": 11693.8,
  "ncol": 564.6,
  "kg_lost": 72.7,
  "km": 4144.635166666666,
  "kg/km": 2.8444453681146373,
  "cost": -11277.49517,
  "days": 31,
  "time": 791.9873341492
 },
 "policy_last_minute50_gamma1": {
  "overflows": 72.5,
  "kg": 37399.26436745258,
  "ncol": 440.6,
  "kg_lost": 682.6385727183933,
  "km": 4221.9962857142855,
  "kg/km": 8.85087022505013,
  "cost": -36906.13787745258,
  "days": 31,
  "time": 616.4180117264
 },
 "policy_last_minute50_gamma2": {
  "overflows": 66.4,
  "kg": 27951.532116888066,
  "ncol": 313.0,
  "kg_lost": 566.1970275966056,
  "km": 3961.4319,
  "kg/km": 7.057899048123071,
  "cost": -23923.700216888064,
  "days": 31,
  "time": 61.7149485677
 },
 "policy_last_minute50_gamma3": {
  "overflows": 64.5,
  "kg": 18836.08726182132,
  "ncol": 200.5,
  "kg_lost": 598.3689151545735,
  "km": 3681.3950000000004,
  "kg/km": 5.117838819960144,
  "cost": -15090.192261821321,
  "days": 31,
  "time": 396.4404453014
 },
 "policy_last_minute_and_path50_emp": {
  "overflows": 4.0,
  "kg": 11693.8,
  "ncol": 564.6,
  "kg_lost": 72.7,
  "km": 4121.5107,
  "kg/km": 2.8375034463681814,
  "cost": -7568.2893,
  "days": 31,
  "time": 165.8813875938
 },
 "policy_last_minute_and_path50_gamma1": {
  "overflows": 72.5,
  "kg": 37399.26436745258,
  "ncol": 440.6,
  "kg_lost": 682.6385727183933,
  "km": 4206.5967,
  "kg/km": 8.890953915113602,
  "cost": -33120.16766745258,
  "days": 31,
  "time": 60.4784248595
 },
 "policy_last_minute_and_path50_gamma2": {
  "overflows": 66.4,
  "kg": 27951.532116888066,
  "ncol": 313.0,
  "kg_lost": 566.1970275966056,
  "km": 3962.9460000000004,
  "kg/km": 7.055216860992432,
  "cost": -23922.186116888068,
  "days": 31,
  "time": 59.4465550244
 },
 "policy_last_minute_and_path50_gamma3": {
  "overflows": 64.5,
  "kg": 18836.08726182132,
  "ncol": 200.5,
  "kg_lost": 598.3689151545735,
  "km": 3681.3950000000004,
  "kg/km": 5.117838819960144,
  "cost": -15090.192261821321,
  "days": 31,
  "time": 8.7554280769
 },
 "policy_regular3_emp": {
  "overflows": 16.3,
  "kg": 11024.3,
  "ncol": 500.0,
  "kg_lost": 343.5,
  "km": 1902.91,
  "kg/km": 5.826668035081283,
  "cost": -10815.70159,
  "days": 10,
  "time": 231.98500066709997
 },
 "policy_regular3_gamma1": {
  "overflows": 161.4,
  "kg": 32991.683977341,
  "ncol": 500.0,
  "kg_lost": 5252.070427159668,
  "km": 1919.6018333333334,
  "kg/km": 17.173312199307492,
  "cost": -32637.209227341,
  "days": 10,
  "time": 187.0338542618
 },
 "policy_regular3_gamma2": {
  "overflows": 77.6,
  "kg": 27897.98217215488,
  "ncol": 500.0,
  "kg_lost": 1452.6091359573986,
  "km": 1954.0930999999998,
  "kg/km": 14.28634544110208,
  "cost": -25866.28907215488,
  "days": 31,
  "time": 94.0260128483
 },
 "policy_regular3_gamma3": {
  "overflows": 14.2,
  "kg": 20598.06516455607,
  "ncol": 500.0,
  "kg_lost": 176.95006518623472,
  "km": 1970.9960999999998,
  "kg/km": 10.455526695346817,
  "cost": -18612.869064556067,
  "days": 31,
  "time": 170.33547745410002
 },
 "policy_look_ahead_a_emp": {
  "overflows": 10.4,
  "kg": 11183.3,
  "ncol": 582.4,
  "kg_lost": 243.2,
  "km": 2033.0603,
  "kg/km": 5.526890425511786,
  "cost": -10969.59397,
  "days": 12.2,
  "time": 116.88634197500002
 },
 "policy_look_ahead_a_gamma1": {
  "overflows": 68.0,
  "kg": 38071.17769390803,
  "ncol": 830.0,
  "kg_lost": 1223.176054775415,
  "km": 2917.6478,
  "kg/km": 13.060006494537006,
  "cost": -37711.41291390803,
  "days": 16.6,
  "time": 214.89180975499997
 },
 "policy_look_ahead_a_sans_emp": {
  "overflows": 47.0,
  "kg": 10790.2,
  "ncol": 726.1,
  "kg_lost": 525.9,
  "km": 3625.839888888889,
  "kg/km": 2.9928976090845465,
  "cost": -10384.21725,
  "days": 26.5,
  "time": 15347.7726543043
 },
 "policy_look_ahead_a_sans_gamma1": {
  "overflows": 44.4,
  "kg": 38609.51218691595,
  "ncol": 1376.3,
  "kg_lost": 838.2548861196119,
  "km": 4670.4115,
  "kg/km": 8.270705612050381,
  "cost": -38098.07103691595,
  "days": 28.8,
  "time": 3093.3100060468
 },
 "policy_look_ahead_a_sans_gamma2": {
  "overflows": 31.6,
  "kg": 29444.00313489295,
  "ncol": 1334.5,
  "kg_lost": 708.0912018696812,
  "km": 4588.7671,
  "kg/km": 6.419095140822695,
  "cost": -24823.636034892952,
  "days": 31,
  "time": 3787.9191301195997
 },
 "policy_look_ahead_a_sans_gamma3": {
  "overflows": 28.2,
  "kg": 20778.965749936004,
  "ncol": 1189.6,
  "kg_lost": 486.6873659764924,
  "km": 4261.8547,
  "kg/km": 4.8806263108446615,
  "cost": -16488.911049936007,
  "days": 31,
  "time": 18239.6608032481
 },
 "policy_look_ahead_a_vrpp_emp": {
  "overflows": 85.4,
  "kg": 10118.2,
  "ncol": 689.9,
  "kg_lost": 904.5,
  "km": 2932.6168,
  "kg/km": 3.449724993824718,
  "cost": -9739.53832,
  "days": 28.6,
  "time": 3410.2500372087
 },
 "policy_look_ahead_a_vrpp_gamma1": {
  "overflows": 70.0,
  "kg": 37897.943009455375,
  "ncol": 1255.8,
  "kg_lost": 1376.439422146002,
  "km": 3662.5093333333334,
  "kg/km": 10.327318425317564,
  "cost": -37462.941589455375,
  "days": 29.1,
  "time": 3339.7952274032
 },
 "policy_look_ahead_a_vrpp_gamma2": {
  "overflows": 39.4,
  "kg": 29193.327469776603,
  "ncol": 1126.4,
  "kg_lost": 791.093134490832,
  "km": 3535.241,
  "kg/km": 8.26173595621837,
  "cost": -25618.686469776603,
  "days": 31,
  "time": 4608.580616854
 },
 "policy_look_ahead_a_vrpp_gamma3": {
  "overflows": 37.8,
  "kg": 20432.908264834863,
  "ncol": 936.6,
  "kg_lost": 597.35407684179,
  "km": 3255.5052,
  "kg/km": 6.282660193722386,
  "cost": -17139.603064834864,
  "days": 31,
  "time": 2060.0264406292
 },
 "gurobi_vrpp0.84_emp": {
  "overflows": 33.9,
  "kg": 10907.8,
  "ncol": 876.2,
  "kg_lost": 403.0,
  "km": 3966.8052000000002,
  "kg/km": 2.749872442319025,
  "cost": -10477.21948,
  "days": 31,
  "time": 16459.884934983
 },
 "gurobi_vrpp0.84_gamma1": {
  "overflows": 27.8,
  "kg": 38906.90434120416,
  "ncol": 1513.7,
  "kg_lost": 531.358976825651,
  "km": 4999.465750000002,
  "kg/km": 7.81638815853686,
  "cost": -38379.40458120416,
  "days": 31,
  "time": 4343.4068817473
 },
 "gurobi_vrpp0.84_gamma2": {
  "overflows": 28.0,
  "kg": 29527.729087806947,
  "ncol": 1474.4,
  "kg_lost": 660.9666797721877,
  "km": 4886.8757,
  "kg/km": 6.042371600313143,
  "cost": -24612.853387806947,
  "days": 31,
  "time": 9999.9024064608
 },
 "gurobi_vrpp0.84_gamma3": {
  "overflows": 26.8,
  "kg": 20821.54064610736,
  "ncol": 1401.5,
  "kg_lost": 483.1416611720626,
  "km": 4722.6786,
  "kg/km": 4.408828005407502,
  "cost": -16072.062046107361,
  "days": 31,
  "time": 7805.1971607568
 },
 "hexaly_vrpp0.84_emp": {
  "overflows": 6.1,
  "kg": 11636.2,
  "ncol": 1519.0,
  "kg_lost": 79.2,
  "km": 5014.360500000001,
  "kg/km": 2.3205748909023343,
  "cost": -11128.66395,
  "days": 31,
  "time": 4168.6245604473
 },
 "hexaly_vrpp0.84_gamma1": {
  "overflows": 27.5,
  "kg": 38916.36722595348,
  "ncol": 1519.0,
  "kg_lost": 526.3804244357457,
  "km": 5014.657111111109,
  "kg/km": 7.773242587967266,
  "cost": -38387.40153595348,
  "days": 31,
  "time": 4289.1621430841
 },
 "hexaly_vrpp0.84_gamma2": {
  "overflows": 27.2,
  "kg": 29554.973941389755,
  "ncol": 1519.0,
  "kg_lost": 655.7374002324497,
  "km": 5014.118399999998,
  "kg/km": 5.894350924638137,
  "cost": -24513.65554138976,
  "days": 31,
  "time": 4546.1838259887
 },
 "hexaly_vrpp0.84_gamma3": {
  "overflows": 25.6,
  "kg": 20875.709438660986,
  "ncol": 1519.0,
  "kg_lost": 461.8410845429133,
  "km": 5013.903199999999,
  "kg/km": 4.163566036191918,
  "cost": -15836.206238660989,
  "days": 31,