{
 "last_minute_cf70_tsp_fast_tsp_gamma1": {
  "overflows": 81.0,
  "kg": 17519.878046584236,
  "ncol": 432.7,
  "kg_lost": 568.2527157231776,
  "km": 4192.3487,
  "kg/km": 4.179411959980317,
  "cost": -13246.529346584235,
  "profit": 6034.004115791217,
  "days": 30.8,
  "time": 418.7655018723
 },
 "lookahead_days7_alns_custom_gamma1": {
  "overflows": 1.6,
  "kg": 18718.723362549834,
  "ncol": 1325.1,
  "kg_lost": 6.78773705173558,
  "km": 4921.088900000001,
  "kg/km": 3.80383066710357,
  "cost": -13796.034462549833,
  "profit": 6005.029926720337,
  "days": 31,
  "time": 448.7169130035
 },
 "lookahead_days7_bcp_ortools_gamma1": {
  "overflows": 1.6,
  "kg": 18718.723362549834,
  "ncol": 1325.1,
  "kg_lost": 6.78773705173558,
  "km": 4900.674,
  "kg/km": 3.8197309732821028,
  "cost": -13816.449362549833,
  "profit": 6025.444826720337,
  "days": 31,
  "time": 1097.6077105078
 },
 "lookahead_days7_hgs_custom_gamma1": {
  "overflows": 1.6,
  "kg": 18718.723362549834,
  "ncol": 1325.1,
  "kg_lost": 6.78773705173558,
  "km": 4984.8439,
  "kg/km": 3.7553343198392257,
  "cost": -13732.279462549834,
  "profit": 5941.274926720337,
  "days": 31,
  "time": 594.8721458512
 },
 "lookahead_days7_lkh_custom_gamma1": {
  "overflows": 1.6,
  "kg": 18718.723362549834,
  "ncol": 1325.1,
  "kg_lost": 6.78773705173558,
  "km": 5872.164699999999,
  "kg/km": 3.1880918624355608,
  "cost": -12844.958662549834,
  "profit": 5053.954126720338,
  "days": 31,
  "time": 169.2436495405
 },
 "lookahead_days7_sans_a_gamma1": {
  "overflows": 1.6,
  "kg": 18776.017396883148,
  "ncol": 1550.0,
  "kg_lost": 6.78773705173558,
  "km": 5291.235000000002,
  "kg/km": 3.548513229309063,
  "cost": -13483.182396883145,
  "profit": 5668.326354560693,
  "days": 31,
  "time": 253.72896347680006
 },
 "regular_lvl3_cvrp_ortools_gamma1": {
  "overflows": 247.7,
  "kg": 13750.031345938469,
  "ncol": 400.0,
  "kg_lost": 3862.7482644297174,
  "km": 1294.112,
  "kg/km": 10.625070585805918,
  "cost": -12208.219345938469,
  "profit": 6731.781296624284,
  "days": 8,
  "time": 145.777547001
 },
 "regular_lvl4_cvrp_ortools_gamma1": {
  "overflows": 386.5,
  "kg": 13119.000576094704,
  "ncol": 350.0,
  "kg_lost": 5663.804557840178,
  "km": 1132.348,
  "kg/km": 11.585661453982967,
  "cost": -11600.152576094704,
  "profit": 6525.2126362664785,
  "days": 7,
  "time": 151.04716344380003
 },
 "regular_lvl5_cvrp_ortools_gamma1": {
  "overflows": 512.7,
  "kg": 11493.526961573898,
  "ncol": 300.0,
  "kg_lost": 7289.278172360985,
  "km": 970.5840000000001,
  "kg/km": 11.841867330982065,
  "cost": -10010.242961573898,
  "profit": 5738.187687470684,
  "days": 6,
  "time": 138.34920484230003
 },
 "lookahead_days7_vrpp_gurobi_gamma1": {
  "overflows": 1.6,
  "kg": 18762.481795798787,
  "ncol": 1431.6,
  "kg_lost": 6.78773705173558,
  "km": 4979.453599910905,
  "kg/km": 3.767998866514597,
  "cost": -13781.428195887884,
  "profit": 5972.207024296848,
  "days": 31,
  "time": 2245.2706824821
 },
 "means_std0.84_vrpp_gurobi_gamma1": {
  "overflows": 1.6,
  "kg": 18759.36047501285,
  "ncol": 1398.1,
  "kg_lost": 6.78773705173558,
  "km": 4966.175499911618,
  "kg/km": 3.7774168413520153,
  "cost": -13791.584975101234,
  "profit": 5983.663209353383,
  "days": 31,
  "time": 2387.3176887744003
 }
}
